Topic,Category,Count,Percentage
0,AI Innovations,37,0.19170984455958548
1,Diverse Topics,41,0.21243523316062177
2,Number Analysis,16,0.08290155440414508
3,Analysis & Trends,12,0.06217616580310881
4,Global Affairs,16,0.08290155440414508
5,Programming Challenges,21,0.10880829015544041
6,Puzzle Solving,15,0.07772020725388601
7,Problem Solving,15,0.07772020725388601
8,Technical Systems,10,0.05181347150259067
9,Data Management,10,0.05181347150259067
