Topic,Category,Count,Percentage
0,Puzzles,71,0.23666666666666666
1,Tech Programming,65,0.21666666666666667
2,Creative Writing,41,0.13666666666666666
4,General Knowledge,29,0.09666666666666666
5,Cultural Politics,22,0.07333333333333333
3,AI Innovations,21,0.07
6,Language Translation,13,0.043333333333333335
7,Creative Generation,9,0.03
9,Inquiries Analysis,9,0.03
8,Writing Services,8,0.02666666666666667
10,Technology Implementations,7,0.023333333333333334
11,Strategies,5,0.016666666666666666
