Topic,Category,Count,Percentage
0,Tech Programming,48,0.3310344827586207
1,Math Puzzles,21,0.14482758620689656
2,Communication & Healthcare,13,0.0896551724137931
-1,Miscellaneous,13,0.0896551724137931
3,Multidisciplinary Studies,12,0.08275862068965517
4,Language Education,10,0.06896551724137931
5,Creative Arts,9,0.06206896551724138
6,Professional Development,7,0.04827586206896552
7,Game Strategies,7,0.04827586206896552
8,Philosophy & Education,5,0.034482758620689655
