Topic,Category,Count,Percentage
0,Tech Programming,34,0.24817518248175183
1,Diverse Subjects,28,0.20437956204379562
2,Puzzles & Analysis,22,0.16058394160583941
3,Creative Writing,12,0.08759124087591241
4,AI Systems,8,0.058394160583941604
-1,Miscellaneous,8,0.058394160583941604
5,Naming Ideas,7,0.051094890510948905
6,Language Translation,7,0.051094890510948905
7,Information Queries,6,0.043795620437956206
8,Philosophical Ethics,5,0.0364963503649635
