{
    "full": {
        "gemini-2.5-flash-image-preview (nano-banana)": {
            "rating": 1145.1375427261619,
            "rating_q975": 1148.1776123468244,
            "rating_q025": 1142.0974731054996
        },
        "imagen-4.0-ultra-generate-preview-06-06": {
            "rating": 1132.943088150974,
            "rating_q975": 1134.7688546428656,
            "rating_q025": 1131.1173216590826
        },
        "nano-banana-public": {
            "rating": 1131.0440206918513,
            "rating_q975": 1136.070757685168,
            "rating_q025": 1126.0172836985346
        },
        "gpt-image-1": {
            "rating": 1124.9341281426139,
            "rating_q975": 1128.0052275621138,
            "rating_q025": 1121.863028723114
        },
        "imagen-4.0-ultra-generate-preview-06-06-old": {
            "rating": 1112.5545496738034,
            "rating_q975": 1117.2041175010568,
            "rating_q025": 1107.90498184655
        },
        "imagen-4.0-generate-preview-06-06-old": {
            "rating": 1086.8760091017261,
            "rating_q975": 1092.352747853011,
            "rating_q025": 1081.3992703504414
        },
        "qwen-image-prompt-extend": {
            "rating": 1080.6576419251826,
            "rating_q975": 1083.4620188103954,
            "rating_q025": 1077.8532650399698
        },
        "seedream-3": {
            "rating": 1076.6118041735704,
            "rating_q975": 1079.220251065551,
            "rating_q025": 1074.0033572815896
        },
        "flux-1-kontext-max": {
            "rating": 1073.7952061769379,
            "rating_q975": 1076.577461987537,
            "rating_q025": 1071.0129503663388
        },
        "imagen-3.0-generate-002": {
            "rating": 1061.1708708496135,
            "rating_q975": 1063.9588800254578,
            "rating_q025": 1058.382861673769
        },
        "qwen-image": {
            "rating": 1051.1120472878663,
            "rating_q975": 1054.2361771795388,
            "rating_q025": 1047.9879173961938
        },
        "flux-1-kontext-pro": {
            "rating": 1050.4550135394684,
            "rating_q975": 1052.8755140195312,
            "rating_q025": 1048.0345130594053
        },
        "photon": {
            "rating": 1034.6538844444456,
            "rating_q975": 1037.4710962580489,
            "rating_q025": 1031.8366726308423
        },
        "lucid-origin": {
            "rating": 1033.04103798019,
            "rating_q975": 1034.9264666856384,
            "rating_q025": 1031.1556092747414
        },
        "ideogram-v3-quality": {
            "rating": 1030.8981118562551,
            "rating_q975": 1033.5485789642726,
            "rating_q025": 1028.2476447482375
        },
        "qwen-image-old": {
            "rating": 1023.6293566352805,
            "rating_q975": 1027.985457566676,
            "rating_q025": 1019.2732557038851
        },
        "recraft-v3": {
            "rating": 1020.4160331751581,
            "rating_q975": 1023.0514708602449,
            "rating_q025": 1017.7805954900713
        },
        "ideogram-v2": {
            "rating": 1010.1967253062112,
            "rating_q975": 1013.0228123734554,
            "rating_q025": 1007.3706382389671
        },
        "flux-1.1-pro": {
            "rating": 1006.3362971199849,
            "rating_q975": 1009.1257344809809,
            "rating_q025": 1003.5468597589888
        },
        "gemini-2.0-flash-preview-image-generation": {
            "rating": 986.8881304608465,
            "rating_q975": 989.9231467151957,
            "rating_q025": 983.8531142064973
        },
        "dall-e-3": {
            "rating": 978.0,
            "rating_q975": 980.9384092888511,
            "rating_q025": 975.0615907111489
        },
        "flux-1-dev-fp8": {
            "rating": 968.3769024710338,
            "rating_q975": 971.4266637891508,
            "rating_q025": 965.3271411529167
        },
        "flux-1-kontext-dev": {
            "rating": 965.3469205534384,
            "rating_q975": 968.8122493472315,
            "rating_q025": 961.8815917596454
        },
        "stable-diffusion-v35-large": {
            "rating": 937.263008339895,
            "rating_q975": 941.1550845416094,
            "rating_q025": 933.3709321381807
        },
        "bagel": {
            "rating": 914.7111823388957,
            "rating_q975": 919.7924789937128,
            "rating_q025": 909.6298856840787
        }
    },
    "is_preset_generation": {
        "imagen-3.0-generate-002": {
            "rating": 1077.76639443773,
            "rating_q975": 1082.0384148399546,
            "rating_q025": 1073.4943740355052
        },
        "flux-1.1-pro": {
            "rating": 1067.0157098534078,
            "rating_q975": 1072.0569576390367,
            "rating_q025": 1061.9744620677786
        },
        "recraft-v3": {
            "rating": 1051.0390303674794,
            "rating_q975": 1056.067175347666,
            "rating_q025": 1046.0108853872925
        },
        "ideogram-v2": {
            "rating": 1008.1505342757091,
            "rating_q975": 1013.1482583482581,
            "rating_q025": 1003.1528102031598
        },
        "photon": {
            "rating": 1006.9338798216995,
            "rating_q975": 1014.1838069967785,
            "rating_q025": 999.6839526466202
        },
        "flux-1-dev-fp8": {
            "rating": 1006.8361124527145,
            "rating_q975": 1012.1785839988302,
            "rating_q025": 1001.4936409065986
        },
        "stable-diffusion-v35-large": {
            "rating": 1005.9950082096263,
            "rating_q975": 1013.5231508733261,
            "rating_q025": 998.4668655459263
        },
        "dall-e-3": {
            "rating": 978.0,
            "rating_q975": 983.1084234297625,
            "rating_q025": 972.8915765702372
        }
    },
    "not_preset_generation": {
        "gemini-2.5-flash-image-preview (nano-banana)": {
            "rating": 1144.6810689437789,
            "rating_q975": 1147.7223533365343,
            "rating_q025": 1141.6397845510235
        },
        "imagen-4.0-ultra-generate-preview-06-06": {
            "rating": 1132.4842774006306,
            "rating_q975": 1134.3119201585941,
            "rating_q025": 1130.6566346426669
        },
        "nano-banana-public": {
            "rating": 1130.5883053540115,
            "rating_q975": 1135.6161092398359,
            "rating_q025": 1125.5605014681873
        },
        "gpt-image-1": {
            "rating": 1124.4748858743592,
            "rating_q975": 1127.5471632247186,
            "rating_q025": 1121.4026085239996
        },
        "imagen-4.0-ultra-generate-preview-06-06-old": {
            "rating": 1112.0952694186603,
            "rating_q975": 1116.7457845160957,
            "rating_q025": 1107.4447543212245
        },
        "imagen-4.0-generate-preview-06-06-old": {
            "rating": 1086.4146866333144,
            "rating_q975": 1091.8927184311403,
            "rating_q025": 1080.9366548354888
        },
        "qwen-image-prompt-extend": {
            "rating": 1080.1978971117815,
            "rating_q975": 1083.0036287992714,
            "rating_q025": 1077.392165424291
        },
        "seedream-3": {
            "rating": 1076.1512836285692,
            "rating_q975": 1078.7610819638687,
            "rating_q025": 1073.5414852932697
        },
        "flux-1-kontext-max": {
            "rating": 1073.333759706209,
            "rating_q975": 1076.1173426413004,
            "rating_q025": 1070.5501767711175
        },
        "imagen-3.0-generate-002": {
            "rating": 1061.8170222303524,
            "rating_q975": 1064.6165186898709,
            "rating_q025": 1059.0175257708336
        },
        "qwen-image": {
            "rating": 1050.6497084502798,
            "rating_q975": 1053.7750791678716,
            "rating_q025": 1047.524337732688
        },