{
    "full": {
        "amazon-nova-lite-v1.0": {
            "rating": 1034.0725197066604,
            "rating_q975": 1046.073833335575,
            "rating_q025": 1021.5016823105153
        },
        "amazon-nova-pro-v1.0": {
            "rating": 1027.0977906497963,
            "rating_q975": 1037.13947896655,
            "rating_q025": 1014.7905061846925
        },
        "c4ai-aya-vision-32b": {
            "rating": 1001.370317108947,
            "rating_q975": 1024.8646996378452,
            "rating_q025": 978.3884380349443
        },
        "chatgpt-4o-latest-20241120": {
            "rating": 1187.0719495161602,
            "rating_q975": 1192.9926326023815,
            "rating_q025": 1179.122614287445
        },
        "chatgpt-4o-latest-20250129": {
            "rating": 1231.7167950684757,
            "rating_q975": 1242.6758671497366,
            "rating_q025": 1224.171381606317
        },
        "chatgpt-4o-latest-20250326": {
            "rating": 1247.044046307988,
            "rating_q975": 1257.0180716507368,
            "rating_q025": 1235.6380983440727
        },
        "claude-3-5-sonnet-20240620": {
            "rating": 1149.9506104843417,
            "rating_q975": 1156.9830579212041,
            "rating_q025": 1143.3245566435003
        },
        "claude-3-5-sonnet-20241022": {
            "rating": 1162.7136776982675,
            "rating_q975": 1169.5206051797738,
            "rating_q025": 1156.5538257489372
        },
        "claude-3-7-sonnet-20250219": {
            "rating": 1177.7412308324801,
            "rating_q975": 1185.5510961287655,
            "rating_q025": 1166.853092591631
        },
        "claude-3-haiku-20240307": {
            "rating": 1000.0,
            "rating_q975": 1006.8709302691,
            "rating_q025": 993.6998288944791
        },
        "claude-3-opus-20240229": {
            "rating": 1059.1255298649357,
            "rating_q975": 1065.6126056537175,
            "rating_q025": 1052.993440832599
        },
        "claude-3-sonnet-20240229": {
            "rating": 1026.4969195031886,
            "rating_q975": 1034.8949520167841,
            "rating_q025": 1020.4955596007331
        },
        "cogvlm2-llama3-chat-19b": {
            "rating": 967.7128127205084,
            "rating_q975": 980.9877576563412,
            "rating_q025": 955.1070417284328
        },
        "gemini-1.5-flash-001": {
            "rating": 1071.7687251398472,
            "rating_q975": 1079.2742133203542,
            "rating_q025": 1064.5714423765455
        },
        "gemini-1.5-flash-002": {
            "rating": 1138.5969428899155,
            "rating_q975": 1144.7946397422538,
            "rating_q025": 1131.3977944060914
        },
        "gemini-1.5-flash-8b-001": {
            "rating": 1074.5205985268358,
            "rating_q975": 1079.7249312058534,
            "rating_q025": 1067.215459153259
        },
        "gemini-1.5-flash-8b-exp-0827": {
            "rating": 1071.2966903614297,
            "rating_q975": 1081.9103227584148,
            "rating_q025": 1060.8755602551894
        },
        "gemini-1.5-pro-001": {
            "rating": 1122.956358302455,
            "rating_q975": 1130.1765556612697,
            "rating_q025": 1117.029862012853
        },
        "gemini-1.5-pro-002": {
            "rating": 1179.0181797317305,
            "rating_q975": 1185.1224544433373,
            "rating_q025": 1172.3681577501886
        },
        "gemini-2.0-flash-001": {
            "rating": 1166.9459625894674,
            "rating_q975": 1178.198162209028,
            "rating_q025": 1156.715793935268
        },
        "gemini-2.0-flash-exp": {
            "rating": 1188.5682832681973,
            "rating_q975": 1198.1836366237167,
            "rating_q025": 1178.9530835657597
        },
        "gemini-2.0-flash-lite-preview-02-05": {
            "rating": 1135.8108214630238,
            "rating_q975": 1144.8801221085268,
            "rating_q025": 1127.3873650807093
        },
        "gemini-2.0-flash-thinking-exp-01-21": {
            "rating": 1196.225331707752,
            "rating_q975": 1204.935573380606,
            "rating_q025": 1188.8770177843799
        },
        "gemini-2.0-flash-thinking-exp-1219": {
            "rating": 1208.0055289894044,
            "rating_q975": 1222.0141306484254,
            "rating_q025": 1193.3304254006116
        },
        "gemini-2.0-pro-exp-02-05": {
            "rating": 1192.0686111208984,
            "rating_q975": 1198.4032853567453,
            "rating_q025": 1183.1169624383729
        },
        "gemini-2.5-flash-preview-04-17": {
            "rating": 1212.1636981106903,
            "rating_q975": 1222.7824613464547,
            "rating_q025": 1201.6866387118937
        },
        "gemini-2.5-pro-exp-03-25": {
            "rating": 1251.4567557538899,
            "rating_q975": 1264.6299642116683,
            "rating_q025": 1240.252927011749
        },
        "gemini-2.5-pro-preview-05-06": {
            "rating": 1290.2374708911484,
            "rating_q975": 1306.2141019395565,
            "rating_q025": 1274.2221953702428
        },
        "gemini-exp-1114": {
            "rating": 1151.2641760741776,
            "rating_q975": 1162.579547174824,
            "rating_q025": 1135.2107308554932
        },
        "gemini-exp-1121": {
            "rating": 1198.2429825360414,
            "rating_q975": 1210.5528190233636,
            "rating_q025": 1186.8932107623639
        },
        "gemini-exp-1206": {
            "rating": 1210.8359927890683,
            "rating_q975": 1222.0191470633538,
            "rating_q025": 1200.5924340234683
        },
        "gpt-4-turbo-2024-04-09": {
            "rating": 1112.4308370764113,
            "rating_q975": 1117.826375044354,
            "rating_q025": 1106.8553808379504
        },
        "gpt-4.1-2025-04-14": {
            "rating": 1222.7178364217839,
            "rating_q975": 1232.6435421589972,
            "rating_q025": 1209.7036805065234
        },
        "gpt-4.1-mini-2025-04-14": {
            "rating": 1192.247732810637,
            "rating_q975": 1206.7951856035204,
            "rating_q025": 1176.3814849579992
        },
        "gpt-4.1-nano-2025-04-14": {
            "rating": 1091.368026206511,
            "rating_q975": 1107.106918293895,
            "rating_q025": 1077.7542902697512
        },
        "gpt-4.5-preview-2025-02-27": {
            "rating": 1230.9534267757767,
            "rating_q975": 1243.4799254585341,
            "rating_q025": 1220.9723987312875
        },
        "gpt-4o-2024-05-13": {
            "rating": 1171.4823148910868,
            "rating_q975": 1177.0836199452513,
            "rating_q025": 1166.3084237699923
        },
        "gpt-4o-2024-08-06": {
            "rating": 1126.3030189120436,
            "rating_q975": 1134.385012950098,
            "rating_q025": 1118.1835770900557
        },
        "gpt-4o-mini-2024-07-18": {
            "rating": 1100.1703746619878,
            "rating_q975": 1105.7964410977095,
            "rating_q025": 1094.6418845901642
        },
        "hunyuan-standard-vision-2024-12-31": {
            "rating": 1055.295277227993,
            "rating_q975": 1071.7505718460047,
            "rating_q025": 1041.4386728765446
        },
        "internvl2-26b": {
            "rating": 1023.6707082423286,
            "rating_q975": 1033.6016216239914,
            "rating_q025": 1016.3715982013294
        },
        "internvl2-4b": {
            "rating": 959.6863367693497,
            "rating_q975": 969.3479926147688,
            "rating_q025": 951.8363645154456
        },
        "c4ai-aya-vision-8b": {
            "rating": 1020.4789822216178,
            "rating_q975": 1044.7365570465906,
            "rating_q025": 1001.9753997805112
        },
        "llama-3.2-vision-11b-instruct": {
            "rating": 995.574258813746,
            "rating_q975": 1004.1715225250605,