{
    "full": {
        "amazon-nova-lite-v1.0": {
            "rating": 1033.8119337324265,
            "rating_q975": 1045.954601207853,
            "rating_q025": 1021.5385816621118
        },
        "amazon-nova-pro-v1.0": {
            "rating": 1027.0005204234499,
            "rating_q975": 1036.626477740323,
            "rating_q025": 1015.3731803751361
        },
        "c4ai-aya-vision-32b": {
            "rating": 1007.1484048845697,
            "rating_q975": 1034.8534960440345,
            "rating_q025": 982.442169135937
        },
        "chatgpt-4o-latest-20241120": {
            "rating": 1186.803785178697,
            "rating_q975": 1192.8850726738635,
            "rating_q025": 1178.518372092432
        },
        "chatgpt-4o-latest-20250129": {
            "rating": 1230.777540908658,
            "rating_q975": 1240.8939448696535,
            "rating_q025": 1222.095005630444
        },
        "claude-3-5-sonnet-20240620": {
            "rating": 1149.6950399802804,
            "rating_q975": 1156.4720813612266,
            "rating_q025": 1143.7283549541125
        },
        "claude-3-5-sonnet-20241022": {
            "rating": 1162.8341896624345,
            "rating_q975": 1169.6328251003013,
            "rating_q025": 1156.5715114044729
        },
        "claude-3-7-sonnet-20250219": {
            "rating": 1186.6961565485465,
            "rating_q975": 1199.4894362848397,
            "rating_q025": 1174.9666363910187
        },
        "claude-3-haiku-20240307": {
            "rating": 1000.0,
            "rating_q975": 1007.1211566886107,
            "rating_q025": 994.6471967404844
        },
        "claude-3-opus-20240229": {
            "rating": 1058.9699059623313,
            "rating_q975": 1066.5185799399796,
            "rating_q025": 1052.8315145896884
        },
        "claude-3-sonnet-20240229": {
            "rating": 1026.27075291844,
            "rating_q975": 1034.4211582886192,
            "rating_q025": 1019.4494704170464
        },
        "cogvlm2-llama3-chat-19b": {
            "rating": 967.6747800472097,
            "rating_q975": 981.1135956695043,
            "rating_q025": 955.4447051360196
        },
        "gemini-1.5-flash-001": {
            "rating": 1071.9424459015777,
            "rating_q975": 1079.7241351336,
            "rating_q025": 1065.273144346037
        },
        "gemini-1.5-flash-002": {
            "rating": 1138.4738546713968,
            "rating_q975": 1144.5493178137936,
            "rating_q025": 1131.4769221838046
        },
        "gemini-1.5-flash-8b-001": {
            "rating": 1074.5568247606911,
            "rating_q975": 1079.8200324332684,
            "rating_q025": 1067.7225511828901
        },
        "gemini-1.5-flash-8b-exp-0827": {
            "rating": 1071.4561073110765,
            "rating_q975": 1081.5095844044704,
            "rating_q025": 1061.0886127432973
        },
        "gemini-1.5-pro-001": {
            "rating": 1123.1419212339608,
            "rating_q975": 1129.2187516366218,
            "rating_q025": 1117.8719170750016
        },
        "gemini-1.5-pro-002": {
            "rating": 1179.2461480650218,
            "rating_q975": 1184.830415451349,
            "rating_q025": 1171.871135200467
        },
        "gemini-2.0-flash-001": {
            "rating": 1169.3258743884337,
            "rating_q975": 1181.424439256526,
            "rating_q025": 1158.5340647427015
        },
        "gemini-2.0-flash-exp": {
            "rating": 1188.5117817369292,
            "rating_q975": 1197.3848218348346,
            "rating_q025": 1179.4883714560176
        },
        "gemini-2.0-flash-lite-preview-02-05": {
            "rating": 1130.8549574012686,
            "rating_q975": 1139.4513464847396,
            "rating_q025": 1120.2541489979067
        },
        "gemini-2.0-flash-thinking-exp-01-21": {
            "rating": 1197.5110153697044,
            "rating_q975": 1206.1190258345205,
            "rating_q025": 1185.8970667565802
        },
        "gemini-2.0-flash-thinking-exp-1219": {
            "rating": 1208.03051398541,
            "rating_q975": 1223.1054632653525,
            "rating_q025": 1192.9734949119634
        },
        "gemini-2.0-pro-exp-02-05": {
            "rating": 1192.6650298362172,
            "rating_q975": 1199.4349496714847,
            "rating_q025": 1182.61929371051
        },
        "gemini-2.5-pro-exp-03-25": {
            "rating": 1258.0301382431219,
            "rating_q975": 1283.2671737869891,
            "rating_q025": 1241.4373168807103
        },
        "gemini-exp-1114": {
            "rating": 1151.1571699549493,
            "rating_q975": 1161.3340144299325,
            "rating_q025": 1135.983454392985
        },
        "gemini-exp-1121": {
            "rating": 1198.1315830988797,
            "rating_q975": 1212.1072897428687,
            "rating_q025": 1186.759108652198
        },
        "gemini-exp-1206": {
            "rating": 1210.8596593477687,
            "rating_q975": 1220.5401579684776,
            "rating_q025": 1201.157355308383
        },
        "gpt-4-turbo-2024-04-09": {
            "rating": 1112.2291968227519,
            "rating_q975": 1117.6331062433921,
            "rating_q025": 1106.7861336736416
        },
        "gpt-4.5-preview-2025-02-27": {
            "rating": 1240.4582960718128,
            "rating_q975": 1256.9214415476363,
            "rating_q025": 1223.592605988297
        },
        "gpt-4o-2024-05-13": {
            "rating": 1171.3556968898117,
            "rating_q975": 1177.1676939058748,
            "rating_q025": 1166.512007575491
        },
        "gpt-4o-2024-08-06": {
            "rating": 1126.519096075367,
            "rating_q975": 1133.959844162479,
            "rating_q025": 1117.2456742008587
        },
        "gpt-4o-mini-2024-07-18": {
            "rating": 1100.1202792570846,
            "rating_q975": 1105.5990354231235,
            "rating_q025": 1095.0179180468303
        },
        "chatgpt-4o-latest-20250326": {
            "rating": 1249.597421474715,
            "rating_q975": 1263.7330387588056,
            "rating_q025": 1233.8995204568878
        },
        "hunyuan-standard-vision-2024-12-31": {
            "rating": 1055.0815122334898,
            "rating_q975": 1072.1827871857017,
            "rating_q025": 1040.4528969531113
        },
        "internvl2-26b": {
            "rating": 1023.5582188648251,
            "rating_q975": 1033.382767362847,
            "rating_q025": 1016.5172177015727
        },
        "internvl2-4b": {
            "rating": 959.4410988100475,
            "rating_q975": 969.7901915581546,
            "rating_q025": 951.6453522782755
        },
        "llama-3.2-vision-11b-instruct": {
            "rating": 995.6204289593715,
            "rating_q975": 1004.5783704657553,
            "rating_q025": 988.0107002740787
        },
        "llama-3.2-vision-90b-instruct": {
            "rating": 1044.6157468047766,
            "rating_q975": 1052.0325491468695,
            "rating_q025": 1037.9037731962762
        },
        "llava-onevision-qwen2-72b-ov": {
            "rating": 998.1911754406151,
            "rating_q975": 1020.3574492188277,
            "rating_q025": 981.717508477115
        },
        "llava-v1.6-34b": {
            "rating": 970.5914410998543,
            "rating_q975": 982.4627504337112,
            "rating_q025": 961.6660591387649
        },
        "minicpm-v-2_6": {
            "rating": 976.6075688646306,
            "rating_q975": 992.5370167932286,
            "rating_q025": 961.8586530783269
        },
        "molmo-72b-0924": {
            "rating": 1052.6283184816718,
            "rating_q975": 1064.713069693294,
            "rating_q025": 1042.624558206615
        },
        "molmo-7b-d-0924": {
            "rating": 1004.0863248030907,
            "rating_q975": 1012.5074906301903,
            "rating_q025": 993.9020796233453
        },