{
    "full": {
        "amazon-nova-lite-v1.0": {
            "rating": 1033.9626835425347,
            "rating_q975": 1046.0174953503142,
            "rating_q025": 1021.9975656279622
        },
        "amazon-nova-pro-v1.0": {
            "rating": 1027.0657020652711,
            "rating_q975": 1036.8107043133396,
            "rating_q025": 1014.8520967967739
        },
        "c4ai-aya-vision-32b": {
            "rating": 1001.1006372962948,
            "rating_q975": 1024.4862609276465,
            "rating_q025": 978.0286275743513
        },
        "chatgpt-4o-latest-20241120": {
            "rating": 1187.1353674075626,
            "rating_q975": 1193.2562825364719,
            "rating_q025": 1179.3618623770876
        },
        "chatgpt-4o-latest-20250129": {
            "rating": 1231.7673904722392,
            "rating_q975": 1242.2678959401724,
            "rating_q025": 1223.8999788969147
        },
        "chatgpt-4o-latest-20250326": {
            "rating": 1247.225180169119,
            "rating_q975": 1256.8769996585343,
            "rating_q025": 1235.5890433170796
        },
        "claude-3-5-sonnet-20240620": {
            "rating": 1149.7694925890992,
            "rating_q975": 1156.8967704371053,
            "rating_q025": 1143.7870997821713
        },
        "claude-3-5-sonnet-20241022": {
            "rating": 1162.5919390910735,
            "rating_q975": 1169.1779915122413,
            "rating_q025": 1156.5010861419512
        },
        "claude-3-7-sonnet-20250219": {
            "rating": 1176.5869990394735,
            "rating_q975": 1186.365568489337,
            "rating_q025": 1164.8406023421685
        },
        "claude-3-haiku-20240307": {
            "rating": 1000.0,
            "rating_q975": 1006.7835806268358,
            "rating_q025": 993.7379946563185
        },
        "claude-3-opus-20240229": {
            "rating": 1059.045544692056,
            "rating_q975": 1065.640462285614,
            "rating_q025": 1052.8370096304404
        },
        "claude-3-sonnet-20240229": {
            "rating": 1026.399103263317,
            "rating_q975": 1034.2383574998762,
            "rating_q025": 1020.2259973622799
        },
        "cogvlm2-llama3-chat-19b": {
            "rating": 967.6142922117824,
            "rating_q975": 980.5445232294217,
            "rating_q025": 955.3110906199609
        },
        "gemini-1.5-flash-001": {
            "rating": 1071.827414542562,
            "rating_q975": 1079.0355920733482,
            "rating_q025": 1064.3894402271078
        },
        "gemini-1.5-flash-002": {
            "rating": 1138.3957355964808,
            "rating_q975": 1144.5514340019142,
            "rating_q025": 1131.292391446155
        },
        "gemini-1.5-flash-8b-001": {
            "rating": 1074.4675014133936,
            "rating_q975": 1079.7614133076886,
            "rating_q025": 1067.3649247161188
        },
        "gemini-1.5-flash-8b-exp-0827": {
            "rating": 1071.2328421579787,
            "rating_q975": 1081.5766159140223,
            "rating_q025": 1060.7610547484032
        },
        "gemini-1.5-pro-001": {
            "rating": 1122.9382118598292,
            "rating_q975": 1129.990881372372,
            "rating_q025": 1116.8775481873029
        },
        "gemini-1.5-pro-002": {
            "rating": 1178.897288498099,
            "rating_q975": 1185.0145482077469,
            "rating_q025": 1172.0869923125629
        },
        "gemini-2.0-flash-001": {
            "rating": 1166.7860955670553,
            "rating_q975": 1177.584460875346,
            "rating_q025": 1156.9351041299074
        },
        "gemini-2.0-flash-exp": {
            "rating": 1188.3829221535993,
            "rating_q975": 1197.799322882092,
            "rating_q025": 1179.1321157575387
        },
        "gemini-2.0-flash-lite-preview-02-05": {
            "rating": 1136.5063576575599,
            "rating_q975": 1143.9769026902195,
            "rating_q025": 1127.7848460611146
        },
        "gemini-2.0-flash-thinking-exp-01-21": {
            "rating": 1195.9522194892916,
            "rating_q975": 1204.7832524904416,
            "rating_q025": 1188.3826483879145
        },
        "gemini-2.0-flash-thinking-exp-1219": {
            "rating": 1207.8362485473413,
            "rating_q975": 1221.862797274022,
            "rating_q025": 1193.1950171652036
        },
        "gemini-2.0-pro-exp-02-05": {
            "rating": 1191.9534580902496,
            "rating_q975": 1198.5141681962252,
            "rating_q025": 1182.8168580404213
        },
        "gemini-2.5-flash-preview-04-17": {
            "rating": 1212.7420617667385,
            "rating_q975": 1223.6690736768953,
            "rating_q025": 1200.7886860908488
        },
        "gemini-2.5-pro-exp-03-25": {
            "rating": 1251.9705033035634,
            "rating_q975": 1266.1220932641477,
            "rating_q025": 1240.6356194553296
        },
        "gemini-exp-1114": {
            "rating": 1150.87263687952,
            "rating_q975": 1161.7809016321728,
            "rating_q025": 1134.534362446058
        },
        "gemini-exp-1121": {
            "rating": 1197.901926754988,
            "rating_q975": 1210.0431312381568,
            "rating_q025": 1186.8877158050618
        },
        "gemini-exp-1206": {
            "rating": 1210.78795909479,
            "rating_q975": 1221.7621495532787,
            "rating_q025": 1200.538749450981
        },
        "gpt-4-turbo-2024-04-09": {
            "rating": 1112.3271787275326,
            "rating_q975": 1117.6037261120357,
            "rating_q025": 1106.4286959718333
        },
        "gpt-4.1-2025-04-14": {
            "rating": 1221.452261726694,
            "rating_q975": 1233.5286855747745,
            "rating_q025": 1206.3238692413317
        },
        "gpt-4.1-mini-2025-04-14": {
            "rating": 1188.8633990788617,
            "rating_q975": 1205.7560860561628,
            "rating_q025": 1167.7072737713122
        },
        "gpt-4.1-nano-2025-04-14": {
            "rating": 1091.869563213189,
            "rating_q975": 1107.1021445345523,
            "rating_q025": 1078.570630090145
        },
        "gpt-4.5-preview-2025-02-27": {
            "rating": 1230.8243596319558,
            "rating_q975": 1243.9952277361333,
            "rating_q025": 1220.3699382729742
        },
        "gpt-4o-2024-05-13": {
            "rating": 1171.4127177980863,
            "rating_q975": 1176.5693258189158,
            "rating_q025": 1166.5486355953842
        },
        "gpt-4o-2024-08-06": {
            "rating": 1126.371746810551,
            "rating_q975": 1134.2036004293634,
            "rating_q025": 1117.1868231920987
        },
        "gpt-4o-mini-2024-07-18": {
            "rating": 1100.2076154781253,
            "rating_q975": 1105.6204045183954,
            "rating_q025": 1094.9709264670348
        },
        "hunyuan-standard-vision-2024-12-31": {
            "rating": 1055.3351541883417,
            "rating_q975": 1071.8691724933578,
            "rating_q025": 1041.587434808595
        },
        "internvl2-26b": {
            "rating": 1023.5649914878294,
            "rating_q975": 1033.248694715972,
            "rating_q025": 1016.1154550692248
        },
        "internvl2-4b": {
            "rating": 959.5575692211094,
            "rating_q975": 969.7696988172647,
            "rating_q025": 951.8317264906705
        },
        "c4ai-aya-vision-8b": {
            "rating": 1020.2514028351889,
            "rating_q975": 1044.8951774591649,
            "rating_q025": 1001.4683517970136
        },
        "llama-3.2-vision-11b-instruct": {
            "rating": 995.4563512661327,
            "rating_q975": 1004.0273640875956,
            "rating_q025": 987.4308531959873
        },
        "llama-3.2-vision-90b-instruct": {
            "rating": 1044.5639992295428,
            "rating_q975": 1051.9457754528726,