{
    "full": {
        "amazon-nova-lite-v1.0": {
            "rating": 1033.9956353702241,
            "rating_q975": 1045.7745197613715,
            "rating_q025": 1022.080128236012
        },
        "amazon-nova-pro-v1.0": {
            "rating": 1027.0912387929168,
            "rating_q975": 1036.8754238657207,
            "rating_q025": 1014.8497758828797
        },
        "c4ai-aya-vision-32b": {
            "rating": 1001.340137969309,
            "rating_q975": 1024.7731175643164,
            "rating_q025": 978.0940805669333
        },
        "chatgpt-4o-latest-20241120": {
            "rating": 1187.0654962965023,
            "rating_q975": 1192.9726918693418,
            "rating_q025": 1178.8821678443448
        },
        "chatgpt-4o-latest-20250129": {
            "rating": 1231.6797528642624,
            "rating_q975": 1242.7602456128864,
            "rating_q025": 1224.0312950425434
        },
        "chatgpt-4o-latest-20250326": {
            "rating": 1247.0139903146965,
            "rating_q975": 1256.7154999670142,
            "rating_q025": 1235.62154730792
        },
        "claude-3-5-sonnet-20240620": {
            "rating": 1149.8742120729635,
            "rating_q975": 1156.8816471086254,
            "rating_q025": 1143.6514771541654
        },
        "claude-3-5-sonnet-20241022": {
            "rating": 1162.6351532653234,
            "rating_q975": 1169.5298917775058,
            "rating_q025": 1156.423671257534
        },
        "claude-3-7-sonnet-20250219": {
            "rating": 1177.6397220038525,
            "rating_q975": 1185.8594154270888,
            "rating_q025": 1166.2000699478558
        },
        "claude-3-haiku-20240307": {
            "rating": 1000.0,
            "rating_q975": 1006.8320673030922,
            "rating_q025": 993.6496699717376
        },
        "claude-3-opus-20240229": {
            "rating": 1059.088267881793,
            "rating_q975": 1065.8734683100674,
            "rating_q025": 1052.8022839156592
        },
        "claude-3-sonnet-20240229": {
            "rating": 1026.451394246607,
            "rating_q975": 1034.030091820201,
            "rating_q025": 1020.1689783650947
        },
        "gemini-2.5-pro-preview-05-06": {
            "rating": 1294.4157091194056,
            "rating_q975": 1311.8580921344578,
            "rating_q025": 1276.731264627663
        },
        "cogvlm2-llama3-chat-19b": {
            "rating": 967.7157887043716,
            "rating_q975": 980.6218008146939,
            "rating_q025": 955.0182296095223
        },
        "gemini-1.5-flash-001": {
            "rating": 1071.8036668024026,
            "rating_q975": 1079.2311028638276,
            "rating_q025": 1064.3818637408217
        },
        "gemini-1.5-flash-002": {
            "rating": 1138.512191547171,
            "rating_q975": 1144.560839622322,
            "rating_q025": 1131.4223839086976
        },
        "gemini-1.5-flash-8b-001": {
            "rating": 1074.489233581108,
            "rating_q975": 1079.9099684304372,
            "rating_q025": 1067.0212200781145
        },
        "gemini-1.5-flash-8b-exp-0827": {
            "rating": 1071.290053258208,
            "rating_q975": 1081.5139874445103,
            "rating_q025": 1060.7940118758106
        },
        "gemini-1.5-pro-001": {
            "rating": 1122.9703872443156,
            "rating_q975": 1129.8650097449763,
            "rating_q025": 1116.8722493863952
        },
        "gemini-1.5-pro-002": {
            "rating": 1178.958133304016,
            "rating_q975": 1185.0069523225577,
            "rating_q025": 1172.5332498734779
        },
        "gemini-2.0-flash-001": {
            "rating": 1166.825094710951,
            "rating_q975": 1177.7246106550624,
            "rating_q025": 1157.0745215620243
        },
        "gemini-2.0-flash-exp": {
            "rating": 1188.4667207821594,
            "rating_q975": 1197.5763571806572,
            "rating_q025": 1178.9938093730154
        },
        "gemini-2.0-flash-lite-preview-02-05": {
            "rating": 1135.810782884125,
            "rating_q975": 1144.7462214391066,
            "rating_q025": 1127.628193469401
        },
        "gemini-2.0-flash-thinking-exp-01-21": {
            "rating": 1196.0881650841434,
            "rating_q975": 1204.8507351758265,
            "rating_q025": 1188.5628397744617
        },
        "gemini-2.0-flash-thinking-exp-1219": {
            "rating": 1207.9631503095761,
            "rating_q975": 1222.4319562671456,
            "rating_q025": 1193.3993327608841
        },
        "gemini-2.0-pro-exp-02-05": {
            "rating": 1191.9852146628264,
            "rating_q975": 1198.304805829504,
            "rating_q025": 1182.8789264301183
        },
        "gemini-2.5-flash-preview-04-17": {
            "rating": 1210.7042908506528,
            "rating_q975": 1222.016057153055,
            "rating_q025": 1200.0646690099143
        },
        "gemini-2.5-pro-exp-03-25": {
            "rating": 1251.2294318396944,
            "rating_q975": 1264.797705780075,
            "rating_q025": 1240.5173136346575
        },
        "gemini-exp-1114": {
            "rating": 1151.1286440132471,
            "rating_q975": 1162.0533405294202,
            "rating_q025": 1134.868716700733
        },
        "gemini-exp-1121": {
            "rating": 1198.1077576028874,
            "rating_q975": 1210.655432483183,
            "rating_q025": 1187.0811199870761
        },
        "gemini-exp-1206": {
            "rating": 1210.7943547772702,
            "rating_q975": 1221.9554339982867,
            "rating_q025": 1200.3417516753855
        },
        "gpt-4-turbo-2024-04-09": {
            "rating": 1112.3908529157466,
            "rating_q975": 1117.8280293915734,
            "rating_q025": 1106.7664281080272
        },
        "gpt-4.1-2025-04-14": {
            "rating": 1221.4382080348341,
            "rating_q975": 1231.6618803404342,
            "rating_q025": 1207.8264331645253
        },
        "gpt-4.1-mini-2025-04-14": {
            "rating": 1192.4623035980799,
            "rating_q975": 1209.0030714923296,
            "rating_q025": 1174.480463198109
        },
        "gpt-4.1-nano-2025-04-14": {
            "rating": 1091.1975698723222,
            "rating_q975": 1107.0564072147995,
            "rating_q025": 1077.7303557713356
        },
        "gpt-4.5-preview-2025-02-27": {
            "rating": 1230.8875889051824,
            "rating_q975": 1244.1112334084341,
            "rating_q025": 1220.549787801074
        },
        "gpt-4o-2024-05-13": {
            "rating": 1171.4412138877365,
            "rating_q975": 1176.9229450219327,
            "rating_q025": 1166.3615748056452
        },
        "gpt-4o-2024-08-06": {
            "rating": 1126.310387922129,
            "rating_q975": 1134.2479131570044,
            "rating_q025": 1117.9255668596552
        },
        "gpt-4o-mini-2024-07-18": {
            "rating": 1100.1831737633424,
            "rating_q975": 1105.481201042494,
            "rating_q025": 1094.6185574553149
        },
        "hunyuan-standard-vision-2024-12-31": {
            "rating": 1055.2917906608056,
            "rating_q975": 1071.7484936219541,
            "rating_q025": 1041.720342602981
        },
        "internvl2-26b": {
            "rating": 1023.6604014374386,
            "rating_q975": 1033.3908409845228,
            "rating_q025": 1015.9967508463482
        },
        "internvl2-4b": {
            "rating": 959.6333144205239,
            "rating_q975": 969.4005053958109,
            "rating_q025": 952.0035841563122
        },
        "c4ai-aya-vision-8b": {
            "rating": 1020.3149196992929,
            "rating_q975": 1045.1112142344562,
            "rating_q025": 1001.6555761876087
        },
        "llama-3.2-vision-11b-instruct": {
            "rating": 995.5372435623948,
            "rating_q975": 1003.4825895394101,