{
    "full": {
        "gemini-3-pro-image-preview-2k (nano-banana-pro)": {
            "rating": 1234.3266631609022,
            "rating_q975": 1241.940412631618,
            "rating_q025": 1226.7129136901863
        },
        "gemini-3-pro-image-preview (nano-banana-pro)": {
            "rating": 1232.6383894103783,
            "rating_q975": 1238.1130068216514,
            "rating_q025": 1227.1637719991052
        },
        "gemini-2.5-flash-image-preview (nano-banana)": {
            "rating": 1155.8730590680343,
            "rating_q975": 1158.945507740444,
            "rating_q025": 1152.8006103956245
        },
        "flux-2-flex": {
            "rating": 1155.5368112295307,
            "rating_q975": 1160.6891983432695,
            "rating_q025": 1150.384424115792
        },
        "hunyuan-image-3.0": {
            "rating": 1153.326496270561,
            "rating_q975": 1157.5653796822596,
            "rating_q025": 1149.0876128588623
        },
        "flux-2-pro": {
            "rating": 1150.4781931810987,
            "rating_q975": 1155.3406261529692,
            "rating_q025": 1145.6157602092283
        },
        "seedream-4.5": {
            "rating": 1145.6668552354113,
            "rating_q975": 1152.4436238610642,
            "rating_q025": 1138.8900866097583
        },
        "seedream-4-2k": {
            "rating": 1144.5871380657259,
            "rating_q975": 1150.271173116625,
            "rating_q025": 1138.9031030148267
        },
        "imagen-4.0-ultra-generate-preview-06-06": {
            "rating": 1144.0844769239857,
            "rating_q975": 1147.8755364041513,
            "rating_q025": 1140.29341744382
        },
        "imagen-4.0-generate-preview-06-06": {
            "rating": 1132.4369737686063,
            "rating_q975": 1136.2653372715697,
            "rating_q025": 1128.608610265643
        },
        "wan2.5-t2i-preview": {
            "rating": 1123.5424660518247,
            "rating_q975": 1128.7052317791786,
            "rating_q025": 1118.3797003244708
        },
        "seedream-4-high-res-fal": {
            "rating": 1119.4923451793763,
            "rating_q975": 1123.8455941510138,
            "rating_q025": 1115.139096207739
        },
        "seedream-4-fal": {
            "rating": 1117.8431444410376,
            "rating_q975": 1124.0563437915405,
            "rating_q025": 1111.6299450905346
        },
        "gpt-image-1": {
            "rating": 1116.5919063915849,
            "rating_q975": 1119.942322577399,
            "rating_q025": 1113.2414902057708
        },
        "gpt-image-1-mini": {
            "rating": 1101.324724566285,
            "rating_q975": 1106.1774645383673,
            "rating_q025": 1096.471984594203
        },
        "mai-image-1": {
            "rating": 1092.7303624063447,
            "rating_q975": 1097.6719588511464,
            "rating_q025": 1087.788765961543
        },
        "seedream-3": {
            "rating": 1084.0911804291468,
            "rating_q975": 1088.7771077130583,
            "rating_q025": 1079.4052531452353
        },
        "flux-1-kontext-max": {
            "rating": 1077.8167851518122,
            "rating_q975": 1080.9766021536718,
            "rating_q025": 1074.6569681499525
        },
        "qwen-image-prompt-extend": {
            "rating": 1066.3414752679575,
            "rating_q975": 1069.4684330813745,
            "rating_q025": 1063.2145174545406
        },
        "flux-1-kontext-pro": {
            "rating": 1063.5274306037345,
            "rating_q975": 1066.6690876949722,
            "rating_q025": 1060.3857735124968
        },
        "imagen-3.0-generate-002": {
            "rating": 1061.7528513110224,
            "rating_q975": 1064.673012593235,
            "rating_q025": 1058.8326900288098
        },
        "qwen-image": {
            "rating": 1059.8195534507645,
            "rating_q975": 1061.9158113235972,
            "rating_q025": 1057.7232955779318
        },
        "ideogram-v3-quality": {
            "rating": 1054.272377447342,
            "rating_q975": 1058.662648955976,
            "rating_q025": 1049.882105938708
        },
        "photon": {
            "rating": 1034.2783706197774,
            "rating_q975": 1038.374726759929,
            "rating_q025": 1030.1820144796259
        },
        "recraft-v3": {
            "rating": 1023.8455856275756,
            "rating_q975": 1027.9351925459132,
            "rating_q025": 1019.755978709238
        },
        "lucid-origin": {
            "rating": 1022.0494982653671,
            "rating_q975": 1025.4929424567279,
            "rating_q025": 1018.6060540740064
        },
        "flux-1.1-pro": {
            "rating": 1017.79962997071,
            "rating_q975": 1021.1468168012175,
            "rating_q025": 1014.4524431402026
        },
        "ideogram-v2": {
            "rating": 1016.6833761144272,
            "rating_q975": 1020.102111235798,
            "rating_q025": 1013.2646409930564
        },
        "gemini-2.0-flash-preview-image-generation": {
            "rating": 986.0921532248194,
            "rating_q975": 989.2322254303374,
            "rating_q025": 982.9520810193014
        },
        "dall-e-3": {
            "rating": 978.0,
            "rating_q975": 981.5092305458843,
            "rating_q025": 974.4907694541157
        },
        "flux-1-dev-fp8": {
            "rating": 971.5696582333533,
            "rating_q975": 975.1686291358242,
            "rating_q025": 967.9706873308824
        },
        "flux-1-kontext-dev": {
            "rating": 959.6539465124688,
            "rating_q975": 962.970125481504,
            "rating_q025": 956.3377675434335
        },
        "stable-diffusion-v35-large": {
            "rating": 940.7030550610135,
            "rating_q975": 945.0643369258447,
            "rating_q025": 936.3417731961823
        },
        "bagel": {
            "rating": 911.4568214531973,
            "rating_q975": 917.0088438776596,
            "rating_q025": 905.904799028735
        }
    },
    "is_preset_generation": {
        "imagen-3.0-generate-002": {
            "rating": 1078.0454542861132,
            "rating_q975": 1082.3555429959563,
            "rating_q025": 1073.7353655762702
        },
        "flux-1.1-pro": {
            "rating": 1066.8142996019974,
            "rating_q975": 1071.8910616281578,
            "rating_q025": 1061.737537575837
        },
        "recraft-v3": {
            "rating": 1051.314146773489,
            "rating_q975": 1056.3798751121183,
            "rating_q025": 1046.2484184348598
        },
        "ideogram-v2": {
            "rating": 1007.8867950880525,
            "rating_q975": 1012.9166666125062,
            "rating_q025": 1002.8569235635988
        },
        "photon": {
            "rating": 1006.8784648694535,
            "rating_q975": 1014.1604161824126,
            "rating_q025": 999.5965135564944
        },
        "flux-1-dev-fp8": {
            "rating": 1006.5329568791619,
            "rating_q975": 1011.9156249409286,
            "rating_q025": 1001.1502888173952
        },
        "stable-diffusion-v35-large": {
            "rating": 1006.3218160428078,
            "rating_q975": 1013.8844684746543,
            "rating_q025": 998.7591636109612
        },
        "dall-e-3": {
            "rating": 978.0,
            "rating_q975": 983.1471260087494,
            "rating_q025": 972.8528739912506
        }
    },
    "not_preset_generation": {
        "gemini-3-pro-image-preview-2k (nano-banana-pro)": {
            "rating": 1234.0883994495198,
            "rating_q975": 1241.7026768316964,
            "rating_q025": 1226.4741220673432
        },
        "gemini-3-pro-image-preview (nano-banana-pro)": {
            "rating": 1232.3998182445039,
            "rating_q975": 1237.8751326250415,
            "rating_q025": 1226.9245038639663
        },