{
    "full": {
        "amazon-nova-lite-v1.0": {
            "rating": 1033.9799429980226,
            "rating_q975": 1046.0504377047132,
            "rating_q025": 1022.1980051865415
        },
        "amazon-nova-pro-v1.0": {
            "rating": 1027.113591789905,
            "rating_q975": 1036.9659488558405,
            "rating_q025": 1014.8147190581842
        },
        "c4ai-aya-vision-32b": {
            "rating": 1001.1972753432079,
            "rating_q975": 1024.566663664434,
            "rating_q025": 978.0174006811515
        },
        "chatgpt-4o-latest-20241120": {
            "rating": 1187.0891682407969,
            "rating_q975": 1193.1896702984752,
            "rating_q025": 1179.2597518560601
        },
        "chatgpt-4o-latest-20250129": {
            "rating": 1231.733773175201,
            "rating_q975": 1242.218039491089,
            "rating_q025": 1223.9690343452005
        },
        "chatgpt-4o-latest-20250326": {
            "rating": 1247.0137012847454,
            "rating_q975": 1256.6553039098055,
            "rating_q025": 1235.5956162515138
        },
        "claude-3-5-sonnet-20240620": {
            "rating": 1149.7840983584733,
            "rating_q975": 1156.9117785782648,
            "rating_q025": 1143.648852192667
        },
        "claude-3-5-sonnet-20241022": {
            "rating": 1162.5508905239835,
            "rating_q975": 1169.1467259281246,
            "rating_q025": 1156.2166596660602
        },
        "claude-3-7-sonnet-20250219": {
            "rating": 1176.4126403405362,
            "rating_q975": 1186.4159299438281,
            "rating_q025": 1164.7076303585304
        },
        "claude-3-haiku-20240307": {
            "rating": 1000.0,
            "rating_q975": 1006.775587570471,
            "rating_q025": 993.6488036052442
        },
        "claude-3-opus-20240229": {
            "rating": 1059.0684745636652,
            "rating_q975": 1065.7156557450585,
            "rating_q025": 1052.9859310068616
        },
        "claude-3-sonnet-20240229": {
            "rating": 1026.4378654173825,
            "rating_q975": 1034.3492771865522,
            "rating_q025": 1020.3036719642806
        },
        "gemini-2.5-pro-preview-05-06": {
            "rating": 1294.488137049621,
            "rating_q975": 1312.187400761331,
            "rating_q025": 1277.187938374766
        },
        "cogvlm2-llama3-chat-19b": {
            "rating": 967.6107567425836,
            "rating_q975": 980.689370490085,
            "rating_q025": 955.2894000023343
        },
        "gemini-1.5-flash-001": {
            "rating": 1071.8090518021359,
            "rating_q975": 1079.0579137194409,
            "rating_q025": 1064.4495953634246
        },
        "gemini-1.5-flash-002": {
            "rating": 1138.4635957754285,
            "rating_q975": 1144.611764748268,
            "rating_q025": 1131.5481998183134
        },
        "gemini-1.5-flash-8b-001": {
            "rating": 1074.456960331965,
            "rating_q975": 1079.7357819383249,
            "rating_q025": 1067.4163523997963
        },
        "gemini-1.5-flash-8b-exp-0827": {
            "rating": 1071.2789038064184,
            "rating_q975": 1081.5874099294997,
            "rating_q025": 1060.5667914694357
        },
        "gemini-1.5-pro-001": {
            "rating": 1122.921482512661,
            "rating_q975": 1129.917991581504,
            "rating_q025": 1116.8914092976643
        },
        "gemini-1.5-pro-002": {
            "rating": 1178.931973954368,
            "rating_q975": 1185.0343046119303,
            "rating_q025": 1172.268892671359
        },
        "gemini-2.0-flash-001": {
            "rating": 1166.7572736348793,
            "rating_q975": 1177.569583282913,
            "rating_q025": 1156.7892468204536
        },
        "gemini-2.0-flash-exp": {
            "rating": 1188.424132950924,
            "rating_q975": 1197.5830568787133,
            "rating_q025": 1179.159263057494
        },
        "gemini-2.0-flash-lite-preview-02-05": {
            "rating": 1136.5280591976339,
            "rating_q975": 1144.386947742234,
            "rating_q025": 1127.8429135264055
        },
        "gemini-2.0-flash-thinking-exp-01-21": {
            "rating": 1195.9877264736165,
            "rating_q975": 1204.8635241307052,
            "rating_q025": 1188.6401572140735
        },
        "gemini-2.0-flash-thinking-exp-1219": {
            "rating": 1207.8845849581148,
            "rating_q975": 1221.9528877872444,
            "rating_q025": 1193.3324418313518
        },
        "gemini-2.0-pro-exp-02-05": {
            "rating": 1191.9158167547635,
            "rating_q975": 1198.4516625143287,
            "rating_q025": 1182.6649854742116
        },
        "gemini-2.5-flash-preview-04-17": {
            "rating": 1212.2201393311661,
            "rating_q975": 1223.6672776655591,
            "rating_q025": 1200.8993055428602
        },
        "gemini-2.5-pro-exp-03-25": {
            "rating": 1251.459809179069,
            "rating_q975": 1265.083775087894,
            "rating_q025": 1240.5647002345522
        },
        "gemini-exp-1114": {
            "rating": 1150.9451945807145,
            "rating_q975": 1162.02875428364,
            "rating_q025": 1134.5249698650177
        },
        "gemini-exp-1121": {
            "rating": 1197.9241236896623,
            "rating_q975": 1210.3235668046439,
            "rating_q025": 1186.505630108511
        },
        "gemini-exp-1206": {
            "rating": 1210.8220053831046,
            "rating_q975": 1221.9004224264752,
            "rating_q025": 1200.6231258604757
        },
        "gpt-4-turbo-2024-04-09": {
            "rating": 1112.3470133582096,
            "rating_q975": 1117.6885044828814,
            "rating_q025": 1106.5927213515095
        },
        "gpt-4.1-2025-04-14": {
            "rating": 1219.8935498103006,
            "rating_q975": 1231.475940698529,
            "rating_q025": 1205.114048715421
        },
        "gpt-4.1-mini-2025-04-14": {
            "rating": 1190.9290641873836,
            "rating_q975": 1207.4575234124231,
            "rating_q025": 1170.6406623265643
        },
        "gpt-4.1-nano-2025-04-14": {
            "rating": 1091.7031970768664,
            "rating_q975": 1106.8174458819556,
            "rating_q025": 1078.0781571258858
        },
        "gpt-4.5-preview-2025-02-27": {
            "rating": 1230.6963814011979,
            "rating_q975": 1243.7678883854007,
            "rating_q025": 1220.3830677469393
        },
        "gpt-4o-2024-05-13": {
            "rating": 1171.405107103505,
            "rating_q975": 1176.4676532397525,
            "rating_q025": 1166.4565826099422
        },
        "gpt-4o-2024-08-06": {
            "rating": 1126.3407399665853,
            "rating_q975": 1134.3030892009144,
            "rating_q025": 1117.3705858768792
        },
        "gpt-4o-mini-2024-07-18": {
            "rating": 1100.1709035510407,
            "rating_q975": 1105.517596579513,
            "rating_q025": 1094.8990121729291
        },
        "hunyuan-standard-vision-2024-12-31": {
            "rating": 1055.3820321744333,
            "rating_q975": 1071.666338822218,
            "rating_q025": 1041.4597382879638
        },
        "internvl2-26b": {
            "rating": 1023.6241250067533,
            "rating_q975": 1033.246979099737,
            "rating_q025": 1016.0772253272849
        },
        "internvl2-4b": {
            "rating": 959.5214470382892,
            "rating_q975": 969.7480467431985,
            "rating_q025": 951.8830697103045
        },
        "c4ai-aya-vision-8b": {
            "rating": 1020.3010281415588,
            "rating_q975": 1045.1415400715507,
            "rating_q025": 1001.5034901410841
        },
        "llama-3.2-vision-11b-instruct": {
            "rating": 995.5038156491165,
            "rating_q975": 1003.8953278736022,