{
    "full": {
        "amazon-nova-lite-v1.0": {
            "rating": 1033.240359886278,
            "rating_q975": 1046.0837745115268,
            "rating_q025": 1021.4311991993986
        },
        "amazon-nova-pro-v1.0": {
            "rating": 1026.458559868102,
            "rating_q975": 1036.2541058681336,
            "rating_q025": 1014.4548505782451
        },
        "c4ai-aya-vision-32b": {
            "rating": 1020.7151869160901,
            "rating_q975": 1058.3899347705026,
            "rating_q025": 979.2976781028129
        },
        "chatgpt-4o-latest-20241120": {
            "rating": 1186.107722070094,
            "rating_q975": 1191.7694077332285,
            "rating_q025": 1177.9010514979957
        },
        "chatgpt-4o-latest-20250129": {
            "rating": 1229.4318274364628,
            "rating_q975": 1243.7871862688778,
            "rating_q025": 1217.6066707080938
        },
        "claude-3-5-sonnet-20240620": {
            "rating": 1149.4978324069089,
            "rating_q975": 1155.0632288701124,
            "rating_q025": 1144.1285899552179
        },
        "claude-3-5-sonnet-20241022": {
            "rating": 1163.3322795590443,
            "rating_q975": 1170.823991406296,
            "rating_q025": 1156.7788328493195
        },
        "claude-3-7-sonnet-20250219": {
            "rating": 1193.7380968656075,
            "rating_q975": 1216.6336928919159,
            "rating_q025": 1170.7939043532715
        },
        "claude-3-haiku-20240307": {
            "rating": 1000.0,
            "rating_q975": 1006.0358037754759,
            "rating_q025": 994.2842637500144
        },
        "claude-3-opus-20240229": {
            "rating": 1058.8428874150682,
            "rating_q975": 1065.0633164255416,
            "rating_q025": 1053.3019582141653
        },
        "claude-3-sonnet-20240229": {
            "rating": 1026.1451739715753,
            "rating_q975": 1033.0832312228347,
            "rating_q025": 1019.965770011103
        },
        "cogvlm2-llama3-chat-19b": {
            "rating": 967.5294196302663,
            "rating_q975": 980.4448839335314,
            "rating_q025": 954.7951214775089
        },
        "gemini-1.5-flash-001": {
            "rating": 1071.9344600136055,
            "rating_q975": 1078.9923055754396,
            "rating_q025": 1065.1793056519937
        },
        "gemini-1.5-flash-002": {
            "rating": 1137.7192279402097,
            "rating_q975": 1143.7707036459326,
            "rating_q025": 1130.8836138404658
        },
        "gemini-1.5-flash-8b-001": {
            "rating": 1074.0297464390883,
            "rating_q975": 1078.7588794525302,
            "rating_q025": 1066.2235559880803
        },
        "gemini-1.5-flash-8b-exp-0827": {
            "rating": 1071.1675136197834,
            "rating_q975": 1080.2951200252264,
            "rating_q025": 1060.540936275603
        },
        "gemini-1.5-pro-001": {
            "rating": 1122.993600744467,
            "rating_q975": 1128.983435500689,
            "rating_q025": 1117.8839511264384
        },
        "gemini-1.5-pro-002": {
            "rating": 1177.438794322245,
            "rating_q975": 1183.7514489469168,
            "rating_q025": 1170.6265455161501
        },
        "gemini-2.0-flash-001": {
            "rating": 1167.5960679637,
            "rating_q975": 1182.8963890065845,
            "rating_q025": 1156.2305191846917
        },
        "gemini-2.0-flash-exp": {
            "rating": 1187.6204733904756,
            "rating_q975": 1195.890045774263,
            "rating_q025": 1178.7430738263865
        },
        "gemini-2.0-flash-lite-preview-02-05": {
            "rating": 1131.175518197921,
            "rating_q975": 1141.00718280795,
            "rating_q025": 1119.550295907358
        },
        "gemini-2.0-flash-thinking-exp-01-21": {
            "rating": 1194.576276594793,
            "rating_q975": 1205.0634031868549,
            "rating_q025": 1182.6743338998415
        },
        "gemini-2.0-flash-thinking-exp-1219": {
            "rating": 1207.097421174988,
            "rating_q975": 1221.1266565628014,
            "rating_q025": 1193.8955498162259
        },
        "gemini-2.0-pro-exp-02-05": {
            "rating": 1190.9613653844822,
            "rating_q975": 1199.5004090304046,
            "rating_q025": 1178.4022849516093
        },
        "gemini-exp-1114": {
            "rating": 1150.2289268855175,
            "rating_q975": 1160.2174530606517,
            "rating_q025": 1135.0319939553906
        },
        "gemini-exp-1121": {
            "rating": 1197.153277033346,
            "rating_q975": 1210.610756336853,
            "rating_q025": 1186.0294205778898
        },
        "gemini-exp-1206": {
            "rating": 1210.13652952869,
            "rating_q975": 1221.1372051124417,
            "rating_q025": 1198.70650446965
        },
        "gpt-4-turbo-2024-04-09": {
            "rating": 1112.0194199161904,
            "rating_q975": 1117.3362566050123,
            "rating_q025": 1107.1591816479947
        },
        "gpt-4o-2024-05-13": {
            "rating": 1171.1217777374286,
            "rating_q975": 1175.393268486441,
            "rating_q025": 1167.1178735086885
        },
        "gpt-4o-2024-08-06": {
            "rating": 1126.2810153825333,
            "rating_q975": 1134.7977705491378,
            "rating_q025": 1116.9096948222953
        },
        "gpt-4o-mini-2024-07-18": {
            "rating": 1100.3641946416387,
            "rating_q975": 1105.3564955308818,
            "rating_q025": 1094.8194974475218
        },
        "hunyuan-standard-vision-2024-12-31": {
            "rating": 1053.8848194961765,
            "rating_q975": 1071.914100895631,
            "rating_q025": 1039.5753996779251
        },
        "internvl2-26b": {
            "rating": 1023.3187715031733,
            "rating_q975": 1032.1779292242697,
            "rating_q025": 1016.5754172623741
        },
        "internvl2-4b": {
            "rating": 959.1049542929192,
            "rating_q975": 969.0271969818774,
            "rating_q025": 951.6542392214567
        },
        "keee7xus-04-v1": {
            "rating": 998.0623846283983,
            "rating_q975": 1032.120631731566,
            "rating_q025": 954.2163627191565
        },
        "keee7xus-04-v2": {
            "rating": 1047.8775910252234,
            "rating_q975": 1091.5560132155822,
            "rating_q025": 1007.68308545683
        },
        "llama-3.2-vision-11b-instruct": {
            "rating": 995.1145407664711,
            "rating_q975": 1004.0177645100998,
            "rating_q025": 987.7166723066375
        },
        "llama-3.2-vision-90b-instruct": {
            "rating": 1044.0477030009108,
            "rating_q975": 1051.2095011787721,
            "rating_q025": 1036.8863575201935
        },
        "llava-onevision-qwen2-72b-ov": {
            "rating": 998.1342155163505,
            "rating_q975": 1020.9358109301168,
            "rating_q025": 981.8587442331208
        },
        "llava-v1.6-34b": {
            "rating": 970.4245119116657,
            "rating_q975": 981.3187775611902,
            "rating_q025": 962.1412825273419
        },
        "minicpm-v-2_6": {
            "rating": 976.5903778468221,
            "rating_q975": 991.8759168957835,
            "rating_q025": 964.2379425196697
        },
        "molmo-72b-0924": {
            "rating": 1052.206103564371,
            "rating_q975": 1062.576549289792,
            "rating_q025": 1041.9938069112643
        },
        "molmo-7b-d-0924": {
            "rating": 1003.6717079994984,
            "rating_q975": 1012.5466902481992,
            "rating_q025": 993.4293781001644
        },
        "nvila-internal-15b-v1": {
            "rating": 1000.6700550269039,
            "rating_q975": 1017.293049994658,
            "rating_q025": 983.4967352735823
        },