{
    "full": {
        "dall-e-3": {
            "rating": 978.0,
            "rating_q975": 980.0708570944613,
            "rating_q025": 975.8165232384493
        },
        "flux-1-dev-fp8": {
            "rating": 973.6434888276001,
            "rating_q975": 975.5426309859116,
            "rating_q025": 970.6560138922298
        },
        "flux-1.1-pro": {
            "rating": 1019.8622055732778,
            "rating_q975": 1022.1502380512813,
            "rating_q025": 1017.8703716351146
        },
        "ideogram-v2": {
            "rating": 1019.9849321420272,
            "rating_q975": 1022.0602452086671,
            "rating_q025": 1017.6866419355266
        },
        "imagen-3.0-generate-002": {
            "rating": 1087.5301916583423,
            "rating_q975": 1089.552078882125,
            "rating_q025": 1085.288971763656
        },
        "photon": {
            "rating": 1020.9567428347711,
            "rating_q975": 1024.4754723379726,
            "rating_q025": 1017.824030643612
        },
        "recraft-v3": {
            "rating": 1025.2419077272586,
            "rating_q975": 1027.6089335874406,
            "rating_q025": 1023.5585541485492
        },
        "stable-diffusion-v35-large": {
            "rating": 943.4797853393294,
            "rating_q975": 946.1748802537949,
            "rating_q025": 941.1064751432688
        }
    },
    "is_preset_generation": {
        "dall-e-3": {
            "rating": 978.0,
            "rating_q975": 982.3509630759967,
            "rating_q025": 974.6790262361552
        },
        "flux-1-dev-fp8": {
            "rating": 1006.2754620823983,
            "rating_q975": 1010.5277416879587,
            "rating_q025": 1002.1024468129829
        },
        "flux-1.1-pro": {
            "rating": 1065.6884726398575,
            "rating_q975": 1071.4715585019221,
            "rating_q025": 1061.1523246819158
        },
        "ideogram-v2": {
            "rating": 1008.2465655494682,
            "rating_q975": 1012.3722763154078,
            "rating_q025": 1004.017832933663
        },
        "imagen-3.0-generate-002": {
            "rating": 1077.496066307015,
            "rating_q975": 1081.7074144960238,
            "rating_q025": 1074.08390331763
        },
        "photon": {
            "rating": 1006.4751915741772,
            "rating_q975": 1011.639528429628,
            "rating_q025": 999.3429438913156
        },
        "recraft-v3": {
            "rating": 1051.390022926676,
            "rating_q975": 1055.5395178011943,
            "rating_q025": 1047.1273679334242
        },
        "stable-diffusion-v35-large": {
            "rating": 1005.8427110718992,
            "rating_q975": 1013.1198362608128,
            "rating_q025": 998.1289476954216
        }
    },
    "not_preset_generation": {
        "dall-e-3": {
            "rating": 978.0,
            "rating_q975": 980.1583258268823,
            "rating_q025": 975.1841609533174
        },
        "flux-1-dev-fp8": {
            "rating": 960.298362894378,
            "rating_q975": 962.8254589477683,
            "rating_q025": 957.3357847364913
        },
        "flux-1.1-pro": {
            "rating": 1002.0899119543627,
            "rating_q975": 1004.8353930607003,
            "rating_q025": 999.8500040842862
        },
        "ideogram-v2": {
            "rating": 1024.4895649114799,
            "rating_q975": 1026.6733297931748,
            "rating_q025": 1022.1774486658538
        },
        "imagen-3.0-generate-002": {
            "rating": 1093.290453113639,
            "rating_q975": 1095.403651723222,
            "rating_q025": 1090.9367756839263
        },
        "photon": {
            "rating": 1025.002011592202,
            "rating_q975": 1029.4575028850256,
            "rating_q025": 1020.4581248831346
        },
        "recraft-v3": {
            "rating": 1014.4421503648102,
            "rating_q975": 1016.8883068907583,
            "rating_q025": 1011.6018353240278
        },
        "stable-diffusion-v35-large": {
            "rating": 923.190353607272,
            "rating_q975": 926.6545095039298,
            "rating_q025": 919.9832136520522
        }
    }
}