{
    "full": {
        "dall-e-3": {
            "rating": 978.0,
            "rating_q975": 979.5039173363164,
            "rating_q025": 976.1877957080707
        },
        "flux-1-dev-fp8": {
            "rating": 970.7760152108959,
            "rating_q975": 972.951475767933,
            "rating_q025": 968.7973517183564
        },
        "flux-1.1-pro": {
            "rating": 1017.874835525043,
            "rating_q975": 1019.8101030489822,
            "rating_q025": 1015.700505939017
        },
        "ideogram-v2": {
            "rating": 1015.9761039179385,
            "rating_q975": 1017.8405720088138,
            "rating_q025": 1013.9960571925661
        },
        "imagen-3.0-generate-002": {
            "rating": 1083.635453883533,
            "rating_q975": 1085.4569511532368,
            "rating_q025": 1082.1100221067977
        },
        "photon": {
            "rating": 1018.18859647352,
            "rating_q975": 1021.7658347909536,
            "rating_q025": 1014.5261295184015
        },
        "recraft-v3": {
            "rating": 1021.3955572188057,
            "rating_q975": 1022.9935006404802,
            "rating_q025": 1019.3237523190219
        },
        "stable-diffusion-v35-large": {
            "rating": 940.7470896259148,
            "rating_q975": 943.6568990529399,
            "rating_q025": 937.7973859427227
        }
    },
    "is_preset_generation": {
        "dall-e-3": {
            "rating": 978.0,
            "rating_q975": 982.1352978822504,
            "rating_q025": 974.2661535000262
        },
        "flux-1-dev-fp8": {
            "rating": 1006.4675656598688,
            "rating_q975": 1011.2645289235899,
            "rating_q025": 1001.1807448754319
        },
        "flux-1.1-pro": {
            "rating": 1066.8881767621629,
            "rating_q975": 1070.993922905265,
            "rating_q025": 1062.4387088358887
        },
        "ideogram-v2": {
            "rating": 1007.7069364001989,
            "rating_q975": 1012.0597399555453,
            "rating_q025": 1003.7340078642487
        },
        "imagen-3.0-generate-002": {
            "rating": 1077.0550434529664,
            "rating_q975": 1080.5949967681183,
            "rating_q025": 1074.0795606007387
        },
        "photon": {
            "rating": 1006.7090867092876,
            "rating_q975": 1013.529908150558,
            "rating_q025": 999.2739480654914
        },
        "recraft-v3": {
            "rating": 1052.6711782383081,
            "rating_q975": 1056.840219855712,
            "rating_q025": 1048.2375456506347
        },
        "stable-diffusion-v35-large": {
            "rating": 1006.1010462947557,
            "rating_q975": 1014.9189138041506,
            "rating_q025": 998.693835620748
        }
    },
    "not_preset_generation": {
        "dall-e-3": {
            "rating": 978.0,
            "rating_q975": 980.119721223509,
            "rating_q025": 975.8419217944908
        },
        "flux-1-dev-fp8": {
            "rating": 956.338626938279,
            "rating_q975": 959.8179794519646,
            "rating_q025": 953.8434886530159
        },
        "flux-1.1-pro": {
            "rating": 999.7843731521981,
            "rating_q975": 1001.79102204102,
            "rating_q025": 997.9746873353977
        },
        "ideogram-v2": {
            "rating": 1018.8918589221906,
            "rating_q975": 1021.0349912761358,
            "rating_q025": 1016.564846990261
        },
        "imagen-3.0-generate-002": {
            "rating": 1087.4796346236656,
            "rating_q975": 1089.5370523925467,
            "rating_q025": 1085.582447397809
        },
        "photon": {
            "rating": 1021.2163630928815,
            "rating_q975": 1024.8746894217807,
            "rating_q025": 1017.4729178563493
        },
        "recraft-v3": {
            "rating": 1009.2276179547142,
            "rating_q975": 1011.196601015778,
            "rating_q025": 1006.9779772600956
        },
        "stable-diffusion-v35-large": {
            "rating": 919.48679066203,
            "rating_q975": 922.7304048892314,
            "rating_q025": 916.477360457784
        }
    }
}