{
    "full": {
        "gemini-2.5-flash-image-preview (nano-banana)": {
            "rating": 1162.6073836882183,
            "rating_q975": 1166.9064953221912,
            "rating_q025": 1158.3082720542454
        },
        "hunyuan-image-3.0": {
            "rating": 1155.3890537307202,
            "rating_q975": 1161.02659630586,
            "rating_q025": 1149.7515111555804
        },
        "imagen-4.0-ultra-generate-preview-06-06": {
            "rating": 1145.0917537731377,
            "rating_q975": 1148.1538426607142,
            "rating_q025": 1142.0296648855613
        },
        "seedream-4-2k": {
            "rating": 1142.6387289234024,
            "rating_q975": 1148.305612070597,
            "rating_q025": 1136.9718457762078
        },
        "imagen-4.0-generate-preview-06-06": {
            "rating": 1131.2435285081835,
            "rating_q975": 1134.4988419162132,
            "rating_q025": 1127.9882151001539
        },
        "seedream-4-high-res-fal": {
            "rating": 1125.9104000481148,
            "rating_q975": 1131.064023064102,
            "rating_q025": 1120.7567770321275
        },
        "gpt-image-1": {
            "rating": 1121.712411463342,
            "rating_q975": 1125.034053738448,
            "rating_q025": 1118.3907691882362
        },
        "seedream-4-fal": {
            "rating": 1116.6704120302663,
            "rating_q975": 1122.8978817429029,
            "rating_q025": 1110.4429423176298
        },
        "mai-image-1": {
            "rating": 1091.4391289648788,
            "rating_q975": 1097.6645104137422,
            "rating_q025": 1085.2137475160155
        },
        "seedream-3": {
            "rating": 1082.3441814398045,
            "rating_q975": 1087.0395560764127,
            "rating_q025": 1077.6488068031963
        },
        "flux-1-kontext-max": {
            "rating": 1079.4761812259421,
            "rating_q975": 1082.590505958472,
            "rating_q025": 1076.3618564934122
        },
        "qwen-image-prompt-extend": {
            "rating": 1072.6503534142153,
            "rating_q975": 1075.9978571293216,
            "rating_q025": 1069.302849699109
        },
        "flux-1-kontext-pro": {
            "rating": 1063.1557713174518,
            "rating_q975": 1066.1343399157774,
            "rating_q025": 1060.1772027191262
        },
        "qwen-image": {
            "rating": 1062.550772619208,
            "rating_q975": 1064.6012731128512,
            "rating_q025": 1060.5002721255646
        },
        "imagen-3.0-generate-002": {
            "rating": 1061.9797737466988,
            "rating_q975": 1064.8143478733286,
            "rating_q025": 1059.145199620069
        },
        "ideogram-v3-quality": {
            "rating": 1047.7710909765276,
            "rating_q975": 1052.6222944953101,
            "rating_q025": 1042.919887457745
        },
        "lucid-origin": {
            "rating": 1023.5674358244013,
            "rating_q975": 1026.7728993467783,
            "rating_q025": 1020.3619723020242
        },
        "photon": {
            "rating": 1020.9619531032346,
            "rating_q975": 1025.5561657987075,
            "rating_q025": 1016.3677404077615
        },
        "recraft-v3": {
            "rating": 1017.2875463349726,
            "rating_q975": 1021.3750025828923,
            "rating_q025": 1013.2000900870529
        },
        "flux-1.1-pro": {
            "rating": 1012.8569176802363,
            "rating_q975": 1016.2298535320955,
            "rating_q025": 1009.4839818283771
        },
        "ideogram-v2": {
            "rating": 1011.7410016096961,
            "rating_q975": 1015.1843344881471,
            "rating_q025": 1008.2976687312452
        },
        "gemini-2.0-flash-preview-image-generation": {
            "rating": 985.5004052549236,
            "rating_q975": 988.5951661160288,
            "rating_q025": 982.4056443938184
        },
        "dall-e-3": {
            "rating": 978.0,
            "rating_q975": 981.4070019438966,
            "rating_q025": 974.5929980561034
        },
        "flux-1-dev-fp8": {
            "rating": 966.6433987251388,
            "rating_q975": 970.263651151194,
            "rating_q025": 963.0231462990836
        },
        "flux-1-kontext-dev": {
            "rating": 960.726198208321,
            "rating_q975": 964.0824722567186,
            "rating_q025": 957.3699241599234
        },
        "stable-diffusion-v35-large": {
            "rating": 935.7802637889407,
            "rating_q975": 940.1578592808731,
            "rating_q025": 931.4026682970083
        },
        "bagel": {
            "rating": 912.8978580070925,
            "rating_q975": 918.3974263628913,
            "rating_q025": 907.3982896512937
        }
    },
    "is_preset_generation": {
        "imagen-3.0-generate-002": {
            "rating": 1078.0454542861132,
            "rating_q975": 1082.3555429959563,
            "rating_q025": 1073.7353655762702
        },
        "flux-1.1-pro": {
            "rating": 1066.8142996019974,
            "rating_q975": 1071.8910616281578,
            "rating_q025": 1061.737537575837
        },
        "recraft-v3": {
            "rating": 1051.314146773489,
            "rating_q975": 1056.3798751121183,
            "rating_q025": 1046.2484184348598
        },
        "ideogram-v2": {
            "rating": 1007.8867950880525,
            "rating_q975": 1012.9166666125062,
            "rating_q025": 1002.8569235635988
        },
        "photon": {
            "rating": 1006.8784648694535,
            "rating_q975": 1014.1604161824126,
            "rating_q025": 999.5965135564944
        },
        "flux-1-dev-fp8": {
            "rating": 1006.5329568791619,
            "rating_q975": 1011.9156249409286,
            "rating_q025": 1001.1502888173952
        },
        "stable-diffusion-v35-large": {
            "rating": 1006.3218160428078,
            "rating_q975": 1013.8844684746543,
            "rating_q025": 998.7591636109612
        },
        "dall-e-3": {
            "rating": 978.0,
            "rating_q975": 983.1471260087494,
            "rating_q025": 972.8528739912506
        }
    },
    "not_preset_generation": {
        "gemini-2.5-flash-image-preview (nano-banana)": {
            "rating": 1162.4642582807778,
            "rating_q975": 1166.7640998563195,
            "rating_q025": 1158.1644167052361
        },
        "hunyuan-image-3.0": {
            "rating": 1155.2117576866767,
            "rating_q975": 1160.8501973862076,
            "rating_q025": 1149.5733179871459
        },
        "imagen-4.0-ultra-generate-preview-06-06": {
            "rating": 1144.9507027171335,
            "rating_q975": 1148.0139996227947,
            "rating_q025": 1141.8874058114723
        },
        "seedream-4-2k": {
            "rating": 1142.463297232246,
            "rating_q975": 1148.1313180318762,
            "rating_q025": 1136.795276432616
        },
        "imagen-4.0-generate-preview-06-06": {
            "rating": 1131.1020853786413,
            "rating_q975": 1134.3584844413458,
            "rating_q025": 1127.8456863159367
        },
        "seedream-4-high-res-fal": {
            "rating": 1125.7334380826642,
            "rating_q975": 1130.8879503962598,
            "rating_q025": 1120.5789257690685
        },
        "gpt-image-1": {
            "rating": 1121.5940775072295,
            "rating_q975": 1124.9168953332949,
            "rating_q025": 1118.271259681164
        },
        "seedream-4-fal": {
            "rating": 1116.4925781396687,
            "rating_q975": 1122.7214470591891,
            "rating_q025": 1110.2637092201483
        },
        "mai-image-1": {
            "rating": 1091.2617766127705,
            "rating_q975": 1097.4879690226571,
            "rating_q025": 1085.035584202884
        },
        "seedream-3": {
            "rating": 1082.169761478231,
            "rating_q975": 1086.8661406812275,