{
    "full": {
        "dall-e-3": {
            "rating": 978.0,
            "rating_q975": 980.2658788143829,
            "rating_q025": 975.5875547998742
        },
        "flux-1-dev-fp8": {
            "rating": 972.5264590034965,
            "rating_q975": 975.212714788104,
            "rating_q025": 970.2701574854686
        },
        "flux-1.1-pro": {
            "rating": 1019.4811113096722,
            "rating_q975": 1021.3213938117249,
            "rating_q025": 1017.281566896171
        },
        "ideogram-v2": {
            "rating": 1018.1425197798867,
            "rating_q975": 1019.994010206476,
            "rating_q025": 1015.5692622001557
        },
        "imagen-3.0-generate-002": {
            "rating": 1085.9088245162206,
            "rating_q975": 1087.8037931637791,
            "rating_q025": 1084.0128742230154
        },
        "photon": {
            "rating": 1019.9011733957977,
            "rating_q975": 1023.1927827085336,
            "rating_q025": 1016.1418723683003
        },
        "recraft-v3": {
            "rating": 1023.8126111160761,
            "rating_q975": 1025.9362900663957,
            "rating_q025": 1021.5101237885176
        },
        "stable-diffusion-v35-large": {
            "rating": 942.4359715578506,
            "rating_q975": 945.5839301494672,
            "rating_q025": 939.0647263605256
        }
    },
    "is_preset_generation": {
        "dall-e-3": {
            "rating": 978.0,
            "rating_q975": 982.5212996569539,
            "rating_q025": 973.9224016541136
        },
        "flux-1-dev-fp8": {
            "rating": 1006.6033039192091,
            "rating_q975": 1010.2739789448267,
            "rating_q025": 1001.5699514897057
        },
        "flux-1.1-pro": {
            "rating": 1067.0080931377324,
            "rating_q975": 1071.4836025530653,
            "rating_q025": 1063.5761783550759
        },
        "ideogram-v2": {
            "rating": 1008.0446619663596,
            "rating_q975": 1011.6241254579326,
            "rating_q025": 1003.8955476179038
        },
        "imagen-3.0-generate-002": {
            "rating": 1077.4703344687048,
            "rating_q975": 1081.8624026418352,
            "rating_q025": 1073.6059709272565
        },
        "photon": {
            "rating": 1006.833939422708,
            "rating_q975": 1013.3368470589932,
            "rating_q025": 1000.4874417237296
        },
        "recraft-v3": {
            "rating": 1052.2964674959721,
            "rating_q975": 1056.5126748488142,
            "rating_q025": 1048.2283181237417
        },
        "stable-diffusion-v35-large": {
            "rating": 1006.2148108721965,
            "rating_q975": 1014.5420396918443,
            "rating_q025": 999.8093396554908
        }
    },
    "not_preset_generation": {
        "dall-e-3": {
            "rating": 978.0,
            "rating_q975": 980.0779781261359,
            "rating_q025": 975.5683146900742
        },
        "flux-1-dev-fp8": {
            "rating": 958.5520881715315,
            "rating_q975": 962.022164969272,
            "rating_q025": 955.6663408850712
        },
        "flux-1.1-pro": {
            "rating": 1001.3415318674392,
            "rating_q975": 1003.740128892508,
            "rating_q025": 999.0720865550239
        },
        "ideogram-v2": {
            "rating": 1021.8629775065223,
            "rating_q975": 1023.8617516217969,
            "rating_q025": 1019.9972089329932
        },
        "imagen-3.0-generate-002": {
            "rating": 1090.5125221712644,
            "rating_q975": 1093.0080700102233,
            "rating_q025": 1088.053987767017
        },
        "photon": {
            "rating": 1023.3578694653846,
            "rating_q975": 1028.478331712772,
            "rating_q025": 1019.6160246929228
        },
        "recraft-v3": {
            "rating": 1012.3235712647855,
            "rating_q975": 1014.2573308068974,
            "rating_q025": 1009.757274388664
        },
        "stable-diffusion-v35-large": {
            "rating": 921.5863245881746,
            "rating_q975": 925.3888087538678,
            "rating_q025": 918.1241752696958
        }
    }
}