{
    "full": {
        "dall-e-3": {
            "rating": 978.0,
            "rating_q975": 980.5392598998277,
            "rating_q025": 975.5635605387763
        },
        "flux-1-dev-fp8": {
            "rating": 974.8193254628089,
            "rating_q975": 977.3142409002734,
            "rating_q025": 972.6685342619925
        },
        "flux-1.1-pro": {
            "rating": 1021.0682942317545,
            "rating_q975": 1023.374634431946,
            "rating_q025": 1018.2363525040948
        },
        "ideogram-v2": {
            "rating": 1021.0185648672106,
            "rating_q975": 1023.2676783558105,
            "rating_q025": 1018.682262549827
        },
        "imagen-3.0-generate-002": {
            "rating": 1089.0195949343156,
            "rating_q975": 1091.3012104810673,
            "rating_q025": 1086.5855256199964
        },
        "photon": {
            "rating": 1022.095821955761,
            "rating_q975": 1025.070550188849,
            "rating_q025": 1018.6136966481554
        },
        "recraft-v3": {
            "rating": 1027.1053112329207,
            "rating_q975": 1029.5772204070665,
            "rating_q025": 1025.1204991773461
        },
        "stable-diffusion-v35-large": {
            "rating": 944.6013454907511,
            "rating_q975": 948.1328419703854,
            "rating_q025": 941.6123027156558
        }
    },
    "is_preset_generation": {
        "dall-e-3": {
            "rating": 978.0,
            "rating_q975": 982.1133437871591,
            "rating_q025": 973.5618100227705
        },
        "flux-1-dev-fp8": {
            "rating": 1008.3602698996328,
            "rating_q975": 1012.9307956941227,
            "rating_q025": 1004.4252227575922
        },
        "flux-1.1-pro": {
            "rating": 1067.6222436852966,
            "rating_q975": 1073.1352524511967,
            "rating_q025": 1062.8806996147116
        },
        "ideogram-v2": {
            "rating": 1009.6081880946325,
            "rating_q975": 1015.7763226205068,
            "rating_q025": 1004.6760205199386
        },
        "imagen-3.0-generate-002": {
            "rating": 1080.8057313392599,
            "rating_q975": 1085.2475512098908,
            "rating_q025": 1076.2215618729977
        },
        "photon": {
            "rating": 1008.3828779869639,
            "rating_q975": 1015.8072573116035,
            "rating_q025": 1001.4121741180217
        },
        "recraft-v3": {
            "rating": 1053.9506422468005,
            "rating_q975": 1059.199720054932,
            "rating_q025": 1048.6522848256056
        },
        "stable-diffusion-v35-large": {
            "rating": 1007.7798969032926,
            "rating_q975": 1013.9052948140992,
            "rating_q025": 1000.4176363386205
        }
    },
    "not_preset_generation": {
        "dall-e-3": {
            "rating": 978.0,
            "rating_q975": 980.8002188866753,
            "rating_q025": 975.1341501866265
        },
        "flux-1-dev-fp8": {
            "rating": 961.1309365241905,
            "rating_q975": 963.9494015218474,
            "rating_q025": 958.4284920814907
        },
        "flux-1.1-pro": {
            "rating": 1003.136873023718,
            "rating_q975": 1005.3297643973566,
            "rating_q025": 999.7618185701185
        },
        "ideogram-v2": {
            "rating": 1025.41472387862,
            "rating_q975": 1028.3294400233278,
            "rating_q025": 1023.0431382083806
        },
        "imagen-3.0-generate-002": {
            "rating": 1094.2184029728874,
            "rating_q975": 1096.8094037326748,
            "rating_q025": 1091.9998471642093
        },
        "photon": {
            "rating": 1025.8700050442562,
            "rating_q975": 1029.9847167687792,
            "rating_q025": 1022.5197399413197
        },
        "recraft-v3": {
            "rating": 1015.9742150682209,
            "rating_q975": 1018.7398207901085,
            "rating_q025": 1013.4644650820466
        },
        "stable-diffusion-v35-large": {
            "rating": 924.0651942159731,
            "rating_q975": 926.9437294568589,
            "rating_q025": 920.9687977449966
        }
    }
}