{
    "full": {
        "amazon-nova-lite-v1.0": {
            "rating": 1033.8650245159454,
            "rating_q975": 1046.1520948850862,
            "rating_q025": 1021.2472705823587
        },
        "amazon-nova-pro-v1.0": {
            "rating": 1027.1318723273944,
            "rating_q975": 1036.6918398136816,
            "rating_q025": 1015.4100076538728
        },
        "c4ai-aya-vision-32b": {
            "rating": 1004.3125452877789,
            "rating_q975": 1029.9007926951326,
            "rating_q025": 980.7521830914919
        },
        "chatgpt-4o-latest-20241120": {
            "rating": 1187.0580053928509,
            "rating_q975": 1192.5547472746207,
            "rating_q025": 1179.4524494451803
        },
        "chatgpt-4o-latest-20250129": {
            "rating": 1232.4872219614704,
            "rating_q975": 1242.7939269678413,
            "rating_q025": 1223.9539326375705
        },
        "chatgpt-4o-latest-20250326": {
            "rating": 1246.221157888937,
            "rating_q975": 1259.4374083353425,
            "rating_q025": 1232.7551983927135
        },
        "claude-3-5-sonnet-20240620": {
            "rating": 1149.835178423936,
            "rating_q975": 1156.6221568190947,
            "rating_q025": 1143.6337475828045
        },
        "claude-3-5-sonnet-20241022": {
            "rating": 1162.45052540695,
            "rating_q975": 1169.8311979990142,
            "rating_q025": 1155.7443573889198
        },
        "claude-3-7-sonnet-20250219": {
            "rating": 1185.418520158658,
            "rating_q975": 1194.552697125055,
            "rating_q025": 1173.9389991047703
        },
        "claude-3-haiku-20240307": {
            "rating": 1000.0,
            "rating_q975": 1007.4506121531415,
            "rating_q025": 994.1290284535922
        },
        "claude-3-opus-20240229": {
            "rating": 1059.0220808410688,
            "rating_q975": 1066.4882662163336,
            "rating_q025": 1052.4306269357564
        },
        "claude-3-sonnet-20240229": {
            "rating": 1026.3382887078542,
            "rating_q975": 1034.2681971044203,
            "rating_q025": 1019.2313754827409
        },
        "cogvlm2-llama3-chat-19b": {
            "rating": 967.7168489834123,
            "rating_q975": 981.1390298729385,
            "rating_q025": 955.7838677051805
        },
        "gemini-1.5-flash-001": {
            "rating": 1071.888146999484,
            "rating_q975": 1079.2898784314166,
            "rating_q025": 1064.9763697383792
        },
        "gemini-1.5-flash-002": {
            "rating": 1138.5318454271119,
            "rating_q975": 1144.2487607659407,
            "rating_q025": 1131.3428376039174
        },
        "gemini-1.5-flash-8b-001": {
            "rating": 1074.5270104171827,
            "rating_q975": 1079.6888082975358,
            "rating_q025": 1067.9219923388641
        },
        "gemini-1.5-flash-8b-exp-0827": {
            "rating": 1071.4525338782519,
            "rating_q975": 1082.0734804882645,
            "rating_q025": 1060.348217692535
        },
        "gemini-1.5-pro-001": {
            "rating": 1123.114097687172,
            "rating_q975": 1129.4094338727698,
            "rating_q025": 1117.9766710324245
        },
        "gemini-1.5-pro-002": {
            "rating": 1179.169644943072,
            "rating_q975": 1184.5566471555298,
            "rating_q025": 1172.3443831829954
        },
        "gemini-2.0-flash-001": {
            "rating": 1171.087322161994,
            "rating_q975": 1182.101261009037,
            "rating_q025": 1159.8354404890206
        },
        "gemini-2.0-flash-exp": {
            "rating": 1188.6779267615457,
            "rating_q975": 1197.8326558882848,
            "rating_q025": 1179.2797841911154
        },
        "gemini-2.0-flash-lite-preview-02-05": {
            "rating": 1131.9202785089951,
            "rating_q975": 1141.207981504441,
            "rating_q025": 1120.8124229260875
        },
        "gemini-2.0-flash-thinking-exp-01-21": {
            "rating": 1198.8781090439297,
            "rating_q975": 1207.3628532994394,
            "rating_q025": 1187.8826940243468
        },
        "gemini-2.0-flash-thinking-exp-1219": {
            "rating": 1208.1878320761866,
            "rating_q975": 1222.8328362066416,
            "rating_q025": 1193.4648604023614
        },
        "gemini-2.0-pro-exp-02-05": {
            "rating": 1192.9259992665197,
            "rating_q975": 1199.330718698165,
            "rating_q025": 1182.7506975766748
        },
        "gemini-2.5-pro-exp-03-25": {
            "rating": 1251.0095969989943,
            "rating_q975": 1272.0373058247003,
            "rating_q025": 1234.7358603859175
        },
        "gemini-exp-1114": {
            "rating": 1151.239506268298,
            "rating_q975": 1162.033101998256,
            "rating_q025": 1136.4818797207777
        },
        "gemini-exp-1121": {
            "rating": 1198.0969082640272,
            "rating_q975": 1212.6365222007344,
            "rating_q025": 1186.2207918776114
        },
        "gemini-exp-1206": {
            "rating": 1210.9312536183859,
            "rating_q975": 1220.5888491120793,
            "rating_q025": 1200.872094807559
        },
        "gpt-4-turbo-2024-04-09": {
            "rating": 1112.3227829428834,
            "rating_q975": 1118.225172599265,
            "rating_q025": 1107.1408152513156
        },
        "gpt-4.5-preview-2025-02-27": {
            "rating": 1235.5029374614883,
            "rating_q975": 1250.625616628928,
            "rating_q025": 1220.8123230654328
        },
        "gpt-4o-2024-05-13": {
            "rating": 1171.4590511230206,
            "rating_q975": 1177.0890412795231,
            "rating_q025": 1166.3343406957863
        },
        "gpt-4o-2024-08-06": {
            "rating": 1126.4178986254892,
            "rating_q975": 1134.1704347720474,
            "rating_q025": 1117.4362426379405
        },
        "gpt-4o-mini-2024-07-18": {
            "rating": 1100.1802247097676,
            "rating_q975": 1105.9640770189635,
            "rating_q025": 1094.983532945741
        },
        "hunyuan-standard-vision-2024-12-31": {
            "rating": 1055.6825144125291,
            "rating_q975": 1072.5697689436317,
            "rating_q025": 1041.5872427547288
        },
        "internvl2-26b": {
            "rating": 1023.6582074936688,
            "rating_q975": 1033.6339981491599,
            "rating_q025": 1016.1632808316591
        },
        "internvl2-4b": {
            "rating": 959.6010923735704,
            "rating_q975": 970.3265493166793,
            "rating_q025": 951.9954739453917
        },
        "llama-3.2-vision-11b-instruct": {
            "rating": 995.5927240472433,
            "rating_q975": 1004.757376040462,
            "rating_q025": 987.846064602183
        },
        "llama-3.2-vision-90b-instruct": {
            "rating": 1044.6880022265725,
            "rating_q975": 1052.5382355632419,
            "rating_q025": 1037.691966021268
        },
        "llava-onevision-qwen2-72b-ov": {
            "rating": 998.1212737990205,
            "rating_q975": 1021.2109678319025,
            "rating_q025": 981.5056754623785
        },
        "llava-v1.6-34b": {
            "rating": 970.699250439673,
            "rating_q975": 982.9521492642368,
            "rating_q025": 961.6709419780997
        },
        "minicpm-v-2_6": {
            "rating": 976.6100197022388,
            "rating_q975": 991.9886257255342,
            "rating_q025": 960.9293785394129
        },
        "molmo-72b-0924": {
            "rating": 1052.6171905493675,
            "rating_q975": 1064.937497360335,
            "rating_q025": 1042.723731679898
        },
        "molmo-7b-d-0924": {
            "rating": 1004.0563349205528,
            "rating_q975": 1012.6009134509161,
            "rating_q025": 993.7380723676968
        },