{
    "full": {
        "amazon-nova-lite-v1.0": {
            "rating": 1033.3497023225373,
            "rating_q975": 1046.6657679820198,
            "rating_q025": 1021.5070345986884
        },
        "amazon-nova-pro-v1.0": {
            "rating": 1026.5975557049785,
            "rating_q975": 1035.8797189075854,
            "rating_q025": 1014.3480746507585
        },
        "chatgpt-4o-latest-20241120": {
            "rating": 1186.194558175111,
            "rating_q975": 1192.043221414603,
            "rating_q025": 1178.8107406614315
        },
        "chatgpt-4o-latest-20250129": {
            "rating": 1233.1738195889548,
            "rating_q975": 1250.1638349512436,
            "rating_q025": 1219.6403029416526
        },
        "claude-3-5-sonnet-20240620": {
            "rating": 1149.5420070850691,
            "rating_q975": 1155.8837252424269,
            "rating_q025": 1144.5383938037558
        },
        "claude-3-5-sonnet-20241022": {
            "rating": 1163.2548017795073,
            "rating_q975": 1170.402755863531,
            "rating_q025": 1155.9960954191586
        },
        "claude-3-haiku-20240307": {
            "rating": 1000.0,
            "rating_q975": 1005.9445157471001,
            "rating_q025": 994.3975089510812
        },
        "claude-3-opus-20240229": {
            "rating": 1058.844966837313,
            "rating_q975": 1064.8540961219765,
            "rating_q025": 1052.8335813709398
        },
        "claude-3-sonnet-20240229": {
            "rating": 1026.1356375712503,
            "rating_q975": 1033.3550888575746,
            "rating_q025": 1019.9776086382806
        },
        "cogvlm2-llama3-chat-19b": {
            "rating": 967.5303104328323,
            "rating_q975": 980.4687189164962,
            "rating_q025": 955.2660497274612
        },
        "gemini-1.5-flash-001": {
            "rating": 1071.955255833438,
            "rating_q975": 1078.8498334048018,
            "rating_q025": 1065.764473544005
        },
        "gemini-1.5-flash-002": {
            "rating": 1137.9665777719702,
            "rating_q975": 1144.489723807426,
            "rating_q025": 1131.307339639371
        },
        "gemini-1.5-flash-8b-001": {
            "rating": 1074.1952155094007,
            "rating_q975": 1079.2335208071038,
            "rating_q025": 1067.093347418607
        },
        "gemini-1.5-flash-8b-exp-0827": {
            "rating": 1071.2833728821784,
            "rating_q975": 1081.0870861929568,
            "rating_q025": 1061.5803949677031
        },
        "gemini-1.5-pro-001": {
            "rating": 1123.0457056496898,
            "rating_q975": 1129.252606560149,
            "rating_q025": 1118.654951984048
        },
        "gemini-1.5-pro-002": {
            "rating": 1177.3552516132265,
            "rating_q975": 1183.667012417054,
            "rating_q025": 1170.3485475884238
        },
        "gemini-2.0-flash-001": {
            "rating": 1168.5045169379148,
            "rating_q975": 1183.8806772616156,
            "rating_q025": 1155.9618892686024
        },
        "gemini-2.0-flash-exp": {
            "rating": 1187.9783163805178,
            "rating_q975": 1196.7760679156086,
            "rating_q025": 1179.4874686643607
        },
        "gemini-2.0-flash-lite-preview-02-05": {
            "rating": 1130.6951378121985,
            "rating_q975": 1140.2735202896229,
            "rating_q025": 1117.7958798636312
        },
        "gemini-2.0-flash-thinking-exp-01-21": {
            "rating": 1193.7109500343054,
            "rating_q975": 1203.3441274051645,
            "rating_q025": 1179.6418813056528
        },
        "gemini-2.0-flash-thinking-exp-1219": {
            "rating": 1207.4164071834512,
            "rating_q975": 1222.2835407390667,
            "rating_q025": 1194.2569045410223
        },
        "gemini-2.0-pro-exp-02-05": {
            "rating": 1197.6704994467766,
            "rating_q975": 1209.1731961182759,
            "rating_q025": 1185.1790194823097
        },
        "gemini-exp-1114": {
            "rating": 1150.3678673144123,
            "rating_q975": 1162.3467497803026,
            "rating_q025": 1135.989344886931
        },
        "gemini-exp-1121": {
            "rating": 1197.3480997495788,
            "rating_q975": 1210.5817582814116,
            "rating_q025": 1187.1316926758582
        },
        "gemini-exp-1206": {
            "rating": 1210.4353035009437,
            "rating_q975": 1220.0940585369121,
            "rating_q025": 1199.177621381279
        },
        "gpt-4-turbo-2024-04-09": {
            "rating": 1112.004928882158,
            "rating_q975": 1117.7052919266707,
            "rating_q025": 1107.2410878644905
        },
        "gpt-4o-2024-05-13": {
            "rating": 1171.000728579639,
            "rating_q975": 1175.6644794878423,
            "rating_q025": 1167.1509487334079
        },
        "gpt-4o-2024-08-06": {
            "rating": 1126.301760312353,
            "rating_q975": 1134.3427348348316,
            "rating_q025": 1117.3683718187735
        },
        "gpt-4o-mini-2024-07-18": {
            "rating": 1100.2208654304663,
            "rating_q975": 1105.259022590343,
            "rating_q025": 1095.2443560827314
        },
        "hunyuan-standard-vision-2024-12-31": {
            "rating": 1069.8963065790604,
            "rating_q975": 1094.0036937698685,
            "rating_q025": 1046.580351932359
        },
        "internvl2-26b": {
            "rating": 1023.2904940325889,
            "rating_q975": 1032.4460641833537,
            "rating_q025": 1016.317269806649
        },
        "internvl2-4b": {
            "rating": 959.0801299460322,
            "rating_q975": 969.6901888591719,
            "rating_q025": 951.7486907855664
        },
        "llama-3.2-vision-11b-instruct": {
            "rating": 995.2645645720135,
            "rating_q975": 1003.324117054172,
            "rating_q025": 988.1675141910426
        },
        "llama-3.2-vision-90b-instruct": {
            "rating": 1044.2857104397237,
            "rating_q975": 1051.2504388828263,
            "rating_q025": 1037.4207707263652
        },
        "llava-onevision-qwen2-72b-ov": {
            "rating": 998.2153624449209,
            "rating_q975": 1021.5209084470447,
            "rating_q025": 982.9696476593635
        },
        "llava-v1.6-34b": {
            "rating": 970.4054710412586,
            "rating_q975": 981.8900497079801,
            "rating_q025": 961.3974781663408
        },
        "minicpm-v-2_6": {
            "rating": 976.5584016246255,
            "rating_q975": 991.3526876743565,
            "rating_q025": 964.0224049180513
        },
        "molmo-72b-0924": {
            "rating": 1052.230219725585,
            "rating_q975": 1063.5493805307083,
            "rating_q025": 1041.979387534883
        },
        "molmo-7b-d-0924": {
            "rating": 1003.7044439631641,
            "rating_q975": 1012.3381317445527,
            "rating_q025": 993.6509124148051
        },
        "nvila-internal-15b-v1": {
            "rating": 1000.7415930016912,
            "rating_q975": 1018.5258695797522,
            "rating_q025": 982.9991599559746
        },
        "o1-2024-12-17": {
            "rating": 1192.9633282709208,
            "rating_q975": 1207.7716321749024,
            "rating_q025": 1177.612659793455
        },
        "phi-3-vision-128k-instruct": {
            "rating": 896.1715212828892,
            "rating_q975": 912.6656350493071,
            "rating_q025": 878.6508916569267
        },
        "phi-3.5-vision-instruct": {
            "rating": 939.3636765502373,
            "rating_q975": 952.1191763193334,
            "rating_q025": 925.7411645225783
        },
        "pixtral-12b-2409": {
            "rating": 1025.0701807803998,
            "rating_q975": 1030.9084122629467,
            "rating_q025": 1018.7086370745549
        },