{
    "full": {
        "amazon-nova-lite-v1.0": {
            "rating": 1033.907411980657,
            "rating_q975": 1046.0903025780372,
            "rating_q025": 1021.9753724325527
        },
        "amazon-nova-pro-v1.0": {
            "rating": 1026.9840481007902,
            "rating_q975": 1036.8718851704652,
            "rating_q025": 1015.0793629850532
        },
        "c4ai-aya-vision-32b": {
            "rating": 1001.1602747101145,
            "rating_q975": 1025.1178411079336,
            "rating_q025": 977.5493170768117
        },
        "chatgpt-4o-latest-20241120": {
            "rating": 1186.7753045224044,
            "rating_q975": 1193.0573015870398,
            "rating_q025": 1179.1394569278941
        },
        "chatgpt-4o-latest-20250129": {
            "rating": 1231.495871111551,
            "rating_q975": 1242.227975325295,
            "rating_q025": 1223.661897740957
        },
        "chatgpt-4o-latest-20250326": {
            "rating": 1249.7000604106188,
            "rating_q975": 1259.9658011020642,
            "rating_q025": 1238.5758550045762
        },
        "claude-3-5-sonnet-20240620": {
            "rating": 1149.7402310909279,
            "rating_q975": 1156.8565209868027,
            "rating_q025": 1143.6335928054375
        },
        "claude-3-5-sonnet-20241022": {
            "rating": 1162.6676479835985,
            "rating_q975": 1169.1399186271092,
            "rating_q025": 1156.1415780733003
        },
        "claude-3-7-sonnet-20250219": {
            "rating": 1177.5765074483131,
            "rating_q975": 1187.668031346991,
            "rating_q025": 1165.1656140214322
        },
        "claude-3-haiku-20240307": {
            "rating": 1000.0,
            "rating_q975": 1006.7111900941426,
            "rating_q025": 993.9462853280316
        },
        "claude-3-opus-20240229": {
            "rating": 1059.0207406154996,
            "rating_q975": 1065.5262611387986,
            "rating_q025": 1053.1583407900405
        },
        "claude-3-sonnet-20240229": {
            "rating": 1026.366352121601,
            "rating_q975": 1034.2311953300116,
            "rating_q025": 1020.175095864794
        },
        "cogvlm2-llama3-chat-19b": {
            "rating": 967.6160524149957,
            "rating_q975": 980.8209108473052,
            "rating_q025": 955.2695898740956
        },
        "gemini-1.5-flash-001": {
            "rating": 1071.8147741825571,
            "rating_q975": 1079.3483718991258,
            "rating_q025": 1064.4867946070315
        },
        "gemini-1.5-flash-002": {
            "rating": 1138.3327942109418,
            "rating_q975": 1144.6739544416546,
            "rating_q025": 1131.3807813491298
        },
        "gemini-1.5-flash-8b-001": {
            "rating": 1074.406066335545,
            "rating_q975": 1079.439307104857,
            "rating_q025": 1067.6831009867635
        },
        "gemini-1.5-flash-8b-exp-0827": {
            "rating": 1071.205512096997,
            "rating_q975": 1081.4429407785303,
            "rating_q025": 1060.9590296526092
        },
        "gemini-1.5-pro-001": {
            "rating": 1122.9000902647615,
            "rating_q975": 1129.8259153890426,
            "rating_q025": 1117.108533821105
        },
        "gemini-1.5-pro-002": {
            "rating": 1178.8794856121244,
            "rating_q975": 1184.6653337933278,
            "rating_q025": 1171.915202245536
        },
        "gemini-2.0-flash-001": {
            "rating": 1166.8936805398657,
            "rating_q975": 1177.6586604326385,
            "rating_q025": 1157.3509208245557
        },
        "gemini-2.0-flash-exp": {
            "rating": 1188.320960689035,
            "rating_q975": 1197.3969902514598,
            "rating_q025": 1178.9477766768787
        },
        "gemini-2.0-flash-lite-preview-02-05": {
            "rating": 1134.7444458481427,
            "rating_q975": 1143.370631083196,
            "rating_q025": 1125.3561317018778
        },
        "gemini-2.0-flash-thinking-exp-01-21": {
            "rating": 1196.0799817025147,
            "rating_q975": 1205.064907324047,
            "rating_q025": 1188.4451369874055
        },
        "gemini-2.0-flash-thinking-exp-1219": {
            "rating": 1207.7763785225536,
            "rating_q975": 1221.9108016872622,
            "rating_q025": 1193.1563954278806
        },
        "gemini-2.0-pro-exp-02-05": {
            "rating": 1192.0007688813898,
            "rating_q975": 1198.5349948813023,
            "rating_q025": 1183.1525778577793
        },
        "gemini-2.5-flash-preview-04-17": {
            "rating": 1212.0741363567377,
            "rating_q975": 1224.205337288564,
            "rating_q025": 1197.0880478211784
        },
        "gemini-2.5-pro-exp-03-25": {
            "rating": 1250.968168863449,
            "rating_q975": 1265.997282410219,
            "rating_q025": 1238.9422069764366
        },
        "gemini-exp-1114": {
            "rating": 1150.7780079159472,
            "rating_q975": 1162.6001039268942,
            "rating_q025": 1135.1824283581184
        },
        "gemini-exp-1121": {
            "rating": 1197.816429627833,
            "rating_q975": 1210.5840955933936,
            "rating_q025": 1186.257616848085
        },
        "gemini-exp-1206": {
            "rating": 1210.7353709129338,
            "rating_q975": 1221.2743411155877,
            "rating_q025": 1200.476759983263
        },
        "gpt-4-turbo-2024-04-09": {
            "rating": 1112.228352869131,
            "rating_q975": 1117.8003206601495,
            "rating_q025": 1106.5437691358798
        },
        "gpt-4.1-2025-04-14": {
            "rating": 1229.0995465929577,
            "rating_q975": 1244.409242280959,
            "rating_q025": 1212.6399430684487
        },
        "gpt-4.1-mini-2025-04-14": {
            "rating": 1190.7506377331695,
            "rating_q975": 1211.6420694717187,
            "rating_q025": 1171.1708275203475
        },
        "gpt-4.1-nano-2025-04-14": {
            "rating": 1083.188061540659,
            "rating_q975": 1101.0832149430344,
            "rating_q025": 1068.3951563241462
        },
        "gpt-4.5-preview-2025-02-27": {
            "rating": 1231.1471231787557,
            "rating_q975": 1243.8671430951179,
            "rating_q025": 1220.4872607071131
        },
        "gpt-4o-2024-05-13": {
            "rating": 1171.32671351117,
            "rating_q975": 1177.0778309773182,
            "rating_q025": 1166.4143706689208
        },
        "gpt-4o-2024-08-06": {
            "rating": 1126.3362892265334,
            "rating_q975": 1134.4525149159467,
            "rating_q025": 1117.3985388138562
        },
        "gpt-4o-mini-2024-07-18": {
            "rating": 1100.048928356922,
            "rating_q975": 1105.6888308699858,
            "rating_q025": 1094.8448678308
        },
        "hunyuan-standard-vision-2024-12-31": {
            "rating": 1055.1386654482449,
            "rating_q975": 1071.8655481027895,
            "rating_q025": 1041.5631872160457
        },
        "internvl2-26b": {
            "rating": 1023.4606772188117,
            "rating_q975": 1033.1424279172268,
            "rating_q025": 1015.9375081788253
        },
        "internvl2-4b": {
            "rating": 959.4018497470706,
            "rating_q975": 969.6063990734602,
            "rating_q025": 951.6476325016212
        },
        "c4ai-aya-vision-8b": {
            "rating": 1020.3325656536352,
            "rating_q975": 1044.723262406517,
            "rating_q025": 1002.2098767301146
        },
        "llama-3.2-vision-11b-instruct": {
            "rating": 995.4454870570108,
            "rating_q975": 1003.4899037715554,
            "rating_q025": 987.3505400200063
        },
        "llama-3.2-vision-90b-instruct": {
            "rating": 1044.5252053098966,
            "rating_q975": 1052.1430747119541,