{
    "full": {
        "amazon-nova-lite-v1.0": {
            "rating": 1034.0597439923595,
            "rating_q975": 1046.0376558982898,
            "rating_q025": 1021.4528550577609
        },
        "amazon-nova-pro-v1.0": {
            "rating": 1027.116431803397,
            "rating_q975": 1037.103679918166,
            "rating_q025": 1014.7879933905913
        },
        "c4ai-aya-vision-32b": {
            "rating": 1001.2979553037255,
            "rating_q975": 1024.8242415530767,
            "rating_q025": 978.5592559359569
        },
        "gemini-2.5-flash-preview-05-20": {
            "rating": 1219.8936530054111,
            "rating_q975": 1238.441350986399,
            "rating_q025": 1195.527794591191
        },
        "chatgpt-4o-latest-20241120": {
            "rating": 1187.0988673584402,
            "rating_q975": 1193.1410441049381,
            "rating_q025": 1179.0000908988507
        },
        "chatgpt-4o-latest-20250129": {
            "rating": 1231.7495737082468,
            "rating_q975": 1242.7551538028204,
            "rating_q025": 1224.09561596512
        },
        "chatgpt-4o-latest-20250326": {
            "rating": 1247.1031760761653,
            "rating_q975": 1256.9272672331524,
            "rating_q025": 1235.6944017190635
        },
        "claude-3-5-sonnet-20240620": {
            "rating": 1149.9502324733953,
            "rating_q975": 1156.9511393768928,
            "rating_q025": 1143.5216358020975
        },
        "claude-3-5-sonnet-20241022": {
            "rating": 1162.7094238475156,
            "rating_q975": 1169.365469604324,
            "rating_q025": 1156.5796329635953
        },
        "claude-3-7-sonnet-20250219": {
            "rating": 1177.6528108753919,
            "rating_q975": 1185.4406211185988,
            "rating_q025": 1166.7474160003023
        },
        "claude-3-haiku-20240307": {
            "rating": 1000.0,
            "rating_q975": 1006.9113066402521,
            "rating_q025": 993.7382067850782
        },
        "claude-3-opus-20240229": {
            "rating": 1059.1159317045926,
            "rating_q975": 1065.570026352657,
            "rating_q025": 1053.1555331118036
        },
        "claude-3-sonnet-20240229": {
            "rating": 1026.4804237698781,
            "rating_q975": 1034.8625534006999,
            "rating_q025": 1020.4667035096938
        },
        "cogvlm2-llama3-chat-19b": {
            "rating": 967.7297222351799,
            "rating_q975": 980.760546939217,
            "rating_q025": 955.0546402299711
        },
        "gemini-1.5-flash-001": {
            "rating": 1071.7837170161924,
            "rating_q975": 1079.1514397898832,
            "rating_q025": 1064.7202238404816
        },
        "gemini-1.5-flash-002": {
            "rating": 1138.5812771953656,
            "rating_q975": 1144.8553148578605,
            "rating_q025": 1131.3998426059693
        },
        "gemini-1.5-flash-8b-001": {
            "rating": 1074.5199553641005,
            "rating_q975": 1079.8540656464584,
            "rating_q025": 1067.3253540314752
        },
        "gemini-1.5-flash-8b-exp-0827": {
            "rating": 1071.3088851799205,
            "rating_q975": 1081.8842444387726,
            "rating_q025": 1061.0323648208807
        },
        "gemini-1.5-pro-001": {
            "rating": 1122.9761988769305,
            "rating_q975": 1130.1459337672798,
            "rating_q025": 1117.137892488162
        },
        "gemini-1.5-pro-002": {
            "rating": 1179.0092362283249,
            "rating_q975": 1185.1453890088621,
            "rating_q025": 1172.3060388030929
        },
        "gemini-2.0-flash-001": {
            "rating": 1166.940299751921,
            "rating_q975": 1178.206185073925,
            "rating_q025": 1156.7408333563358
        },
        "gemini-2.0-flash-exp": {
            "rating": 1188.5649366285343,
            "rating_q975": 1198.0255308135334,
            "rating_q025": 1178.8327970663381
        },
        "gemini-2.0-flash-lite-preview-02-05": {
            "rating": 1135.8103778440022,
            "rating_q975": 1144.887414320082,
            "rating_q025": 1127.3488491571993
        },
        "gemini-2.0-flash-thinking-exp-01-21": {
            "rating": 1196.2090677592882,
            "rating_q975": 1205.0328506762328,
            "rating_q025": 1188.8610344564356
        },
        "gemini-2.0-flash-thinking-exp-1219": {
            "rating": 1208.0014539225854,
            "rating_q975": 1222.0515331973215,
            "rating_q025": 1193.4062546428142
        },
        "gemini-2.0-pro-exp-02-05": {
            "rating": 1192.0690426609485,
            "rating_q975": 1198.2919344213433,
            "rating_q025": 1183.24554654619
        },
        "gemini-2.5-flash-preview-04-17": {
            "rating": 1212.0097839867576,
            "rating_q975": 1222.6159047168815,
            "rating_q025": 1201.3524656509358
        },
        "gemini-2.5-pro-exp-03-25": {
            "rating": 1251.4195054338038,
            "rating_q975": 1264.7199078434398,
            "rating_q025": 1240.3063113021942
        },
        "gemini-2.5-pro-preview-05-06": {
            "rating": 1290.622228497316,
            "rating_q975": 1305.7857770453327,
            "rating_q025": 1275.6758167600876
        },
        "gemini-exp-1114": {
            "rating": 1151.2641733195228,
            "rating_q975": 1162.6030211286572,
            "rating_q025": 1135.1845718648935
        },
        "gemini-exp-1121": {
            "rating": 1198.2086189527304,
            "rating_q975": 1210.8227520078483,
            "rating_q025": 1186.8811385250806
        },
        "gemini-exp-1206": {
            "rating": 1210.8388786902597,
            "rating_q975": 1222.2132898281088,
            "rating_q025": 1200.659409315611
        },
        "gpt-4-turbo-2024-04-09": {
            "rating": 1112.4302702358978,
            "rating_q975": 1117.7570427122052,
            "rating_q025": 1107.0351098582287
        },
        "gpt-4.1-2025-04-14": {
            "rating": 1223.078835368427,
            "rating_q975": 1232.3008925786191,
            "rating_q025": 1210.3646848699823
        },
        "gpt-4.1-mini-2025-04-14": {
            "rating": 1191.7368223413614,
            "rating_q975": 1205.7570679684252,
            "rating_q025": 1175.5888899770541
        },
        "gpt-4.1-nano-2025-04-14": {
            "rating": 1091.3861412008514,
            "rating_q975": 1106.9265642983141,
            "rating_q025": 1078.0218891376724
        },
        "gpt-4.5-preview-2025-02-27": {
            "rating": 1230.9698786886997,
            "rating_q975": 1243.4737384279401,
            "rating_q025": 1221.0852492933561
        },
        "gpt-4o-2024-05-13": {
            "rating": 1171.485063407617,
            "rating_q975": 1176.968491330323,
            "rating_q025": 1166.3301893219564
        },
        "gpt-4o-2024-08-06": {
            "rating": 1126.3234400817726,
            "rating_q975": 1134.3707842313559,
            "rating_q025": 1118.0720232335236
        },
        "gpt-4o-mini-2024-07-18": {
            "rating": 1100.1958991752458,
            "rating_q975": 1105.8637896329421,
            "rating_q025": 1094.6861630256917
        },
        "hunyuan-standard-vision-2024-12-31": {
            "rating": 1055.2564097557333,
            "rating_q975": 1071.657042039193,
            "rating_q025": 1041.120032982621
        },
        "internvl2-26b": {
            "rating": 1023.7048303472022,
            "rating_q975": 1033.5047779870067,
            "rating_q025": 1016.4741216528993
        },
        "internvl2-4b": {
            "rating": 959.6929604916164,
            "rating_q975": 969.3532205609002,
            "rating_q025": 951.6923865213806
        },
        "c4ai-aya-vision-8b": {
            "rating": 1020.4243575653527,
            "rating_q975": 1044.1763432404261,