Topic,Category,Count,Percentage
0,Puzzles & Problem Solving,96,0.3609022556390977
1,Information Queries,38,0.14285714285714285
2,Software Development,32,0.12030075187969924
3,Character Analysis,22,0.08270676691729323
4,Language Activities,14,0.05263157894736842
5,Family Relationships,13,0.04887218045112782
6,Writing Prompts,12,0.045112781954887216
7,Text Analysis,10,0.03759398496240601
8,AI Art,8,0.03007518796992481
9,History & Politics,6,0.022556390977443608
10,Data Processing,6,0.022556390977443608
11,Puzzles,5,0.018796992481203006
12,Image Generation,4,0.015037593984962405
