Topic,Category,Count,Percentage
0,AI Art,69,0.24642857142857144
1,Programming,37,0.13214285714285715
2,Puzzle Challenges,29,0.10357142857142858
3,Physics Problems,28,0.1
4,Data Processing,13,0.04642857142857143
5,Political Scenarios,12,0.04285714285714286
6,Letter Counting,11,0.039285714285714285
7,Advanced Algorithms,9,0.03214285714285714
8,Marketing Strategies,7,0.025
9,Science & Technology,7,0.025
10,Healthcare Management,6,0.02142857142857143
-1,Miscellaneous,52,0.18571428571428572
